per,rno,inflow,runoff,specified_line_id,category,n_measured,n_estimated,start_datetime,line_id_in_model
0,1,,3459.574056691177,,,,,2007-01-01,17955471
0,2,,3459.574056691177,,,,,2007-01-01,17955471
0,3,,3459.574056691177,,,,,2007-01-01,17955471
0,4,,1154.1989085119046,,,,,2007-01-01,17955445
0,5,,1154.1989085119046,,,,,2007-01-01,17955445
0,6,,1154.1989085119046,,,,,2007-01-01,17955445
0,9,,743.87812,,,,,2007-01-01,17957809
0,10,,743.87812,,,,,2007-01-01,17957809
0,13,,1176.7845364705881,,,,,2007-01-01,17955543
0,14,,565.4409421290322,,,,,2007-01-01,17979087
0,15,,757.8831296969696,,,,,2007-01-01,17955663
0,16,,757.8831296969696,,,,,2007-01-01,17955663
0,17,,757.8831296969696,,,,,2007-01-01,17955663
0,18,,757.8831296969696,,,,,2007-01-01,17955663
0,19,,757.8831296969696,,,,,2007-01-01,17955663
0,22,,519.8770711612902,,,,,2007-01-01,17979089
0,23,,678.8209170588235,,,,,2007-01-01,17955739
0,24,,565.4409421290322,,,,,2007-01-01,17958139
0,25,,6459.728254223018,,,,,2007-01-01,17955893
0,26,,6459.728254223018,,,,,2007-01-01,17955893
0,27,,6459.728254223018,,,,,2007-01-01,17955893
0,28,,6459.728254223018,,,,,2007-01-01,17955893
0,29,,6459.728254223018,,,,,2007-01-01,17955893
0,30,,607.8480151515151,,,,,2007-01-01,938030572
0,31,,607.8480151515151,,,,,2007-01-01,938030572
0,32,29378524.8319457,714.0080483822092,17958153,estimated,0.0,221.0,2007-01-01,17958153
0,33,,714.0080483822092,,,,,2007-01-01,17958153
0,34,,714.0080483822092,,,,,2007-01-01,17958153
0,35,,714.0080483822092,,,,,2007-01-01,17958153
0,36,,758.254768393712,,,,,2007-01-01,17955879
0,37,,758.254768393712,,,,,2007-01-01,17955879
0,38,,6810.326549089064,,,,,2007-01-01,17955835
0,39,,292.13944823529414,,,,,2007-01-01,17957903
0,40,,292.13944823529414,,,,,2007-01-01,17957903
0,41,,292.13944823529414,,,,,2007-01-01,17957903
0,42,,292.13944823529414,,,,,2007-01-01,17957903
0,43,,292.13944823529414,,,,,2007-01-01,17957903
0,44,,292.13944823529414,,,,,2007-01-01,17957903
0,45,,1545.247923545837,,,,,2007-01-01,17955819
0,46,,1545.247923545837,,,,,2007-01-01,17955819
0,47,,1545.247923545837,,,,,2007-01-01,17955819
0,48,,1545.247923545837,,,,,2007-01-01,17955819
0,49,,6826.294626389928,,,,,2007-01-01,17955821
0,50,,6826.294626389928,,,,,2007-01-01,17955821
0,52,,1609.5864569825,,,,,2007-01-01,17955907
0,53,,1609.5864569825,,,,,2007-01-01,17955907
0,54,,626.3894622306723,,,,,2007-01-01,17955933
0,55,,626.3894622306723,,,,,2007-01-01,17955933
0,56,,626.3894622306723,,,,,2007-01-01,17955933
0,57,,626.3894622306723,,,,,2007-01-01,17955933
0,58,,626.3894622306723,,,,,2007-01-01,17955933
0,59,,626.3894622306723,,,,,2007-01-01,17955933
0,60,,626.3894622306723,,,,,2007-01-01,17955933
0,61,,626.3894622306723,,,,,2007-01-01,17955933
0,62,,801.6689256862746,,,,,2007-01-01,17955905
0,63,,801.6689256862746,,,,,2007-01-01,17955905
0,64,,801.6689256862746,,,,,2007-01-01,17955905
0,65,,664.896801339394,,,,,2007-01-01,17955829
0,66,,1076.8437109571428,,,,,2007-01-01,17955969
0,67,,1076.8437109571428,,,,,2007-01-01,17955969
0,70,,2969.068358499278,,,,,2007-01-01,17955973
0,71,,2969.068358499278,,,,,2007-01-01,17955973
0,72,,2969.068358499278,,,,,2007-01-01,17955973
0,75,,1325.1764059112943,,,,,2007-01-01,17957969
0,76,,1325.1764059112943,,,,,2007-01-01,17957969
0,77,,1325.1764059112943,,,,,2007-01-01,17957969
0,78,,1325.1764059112943,,,,,2007-01-01,17957969
0,79,,1325.1764059112943,,,,,2007-01-01,17957969
0,84,,1236.0864249142858,,,,,2007-01-01,17956121
0,85,,1236.0864249142858,,,,,2007-01-01,17956121
0,86,,1236.0864249142858,,,,,2007-01-01,17956121
0,87,,1236.0864249142858,,,,,2007-01-01,17956121
0,88,,1236.0864249142858,,,,,2007-01-01,17956121
0,90,,2707.455730657143,,,,,2007-01-01,17956161
0,91,,1920.2200180602572,,,,,2007-01-01,17956107
0,92,,1920.2200180602572,,,,,2007-01-01,17956107
0,93,,1920.2200180602572,,,,,2007-01-01,17956107
0,94,,1920.2200180602572,,,,,2007-01-01,17956107
0,95,,1920.2200180602572,,,,,2007-01-01,17956107
0,96,,1920.2200180602572,,,,,2007-01-01,17956107
0,97,,1920.2200180602572,,,,,2007-01-01,17956107
0,98,,1920.2200180602572,,,,,2007-01-01,17956107
0,99,,1920.2200180602572,,,,,2007-01-01,17956107
0,100,,1920.2200180602572,,,,,2007-01-01,17956107
0,101,,1508.6087682428572,,,,,2007-01-01,17956091
0,102,,743.256482495671,,,,,2007-01-01,17956151
0,103,,743.256482495671,,,,,2007-01-01,17956151
0,104,,2032.0024034275211,,,,,2007-01-01,17956169
0,105,,2032.0024034275211,,,,,2007-01-01,17956169
0,106,,2032.0024034275211,,,,,2007-01-01,17956169
0,107,,2032.0024034275211,,,,,2007-01-01,17956169
0,110,,3027.700660607143,,,,,2007-01-01,17957955
0,111,,2148.669507857143,,,,,2007-01-01,17957983
0,112,,2148.669507857143,,,,,2007-01-01,17957983
0,113,,2148.669507857143,,,,,2007-01-01,17957983
0,114,,2148.669507857143,,,,,2007-01-01,17957983
0,115,,11930.666149624163,,,,,2007-01-01,17956813
0,116,,11930.666149624163,,,,,2007-01-01,17956813
0,117,,11930.666149624163,,,,,2007-01-01,17956813
0,120,,176.50436471568628,,,,,2007-01-01,17958269
0,121,,176.50436471568628,,,,,2007-01-01,17958269
0,122,,176.50436471568628,,,,,2007-01-01,17958269
0,124,,10292.94151677669,,,,,2007-01-01,17958265
0,126,,6852.762242362088,,,,,2007-01-01,17956335
0,127,,5035.212750973964,,,,,2007-01-01,17956705
0,128,,446.96111040000005,,,,,2007-01-01,17958031
0,129,,446.96111040000005,,,,,2007-01-01,17958031
0,130,,446.96111040000005,,,,,2007-01-01,17958031
0,131,,446.96111040000005,,,,,2007-01-01,17958031
0,132,,446.96111040000005,,,,,2007-01-01,17958031
0,133,,664.5084808914287,,,,,2007-01-01,17958025
0,134,,664.5084808914287,,,,,2007-01-01,17958025
0,135,,664.5084808914287,,,,,2007-01-01,17958025
0,136,,664.5084808914287,,,,,2007-01-01,17958025
0,137,,664.5084808914287,,,,,2007-01-01,17958025
0,138,,2565.8637556342856,,,,,2007-01-01,17958237
0,141,,428.5800270428572,,,,,2007-01-01,17958241
0,142,,851.4658795588235,,,,,2007-01-01,17956823
0,143,,851.4658795588235,,,,,2007-01-01,17956823
0,144,,29169.090386053744,,,,,2007-01-01,17956827
0,149,,10276.722227692751,,,,,2007-01-01,17955371
0,150,,889.5123917142859,,,,,2007-01-01,17958205
0,151,,889.5123917142859,,,,,2007-01-01,17958205
0,152,,889.5123917142859,,,,,2007-01-01,17958205
0,153,,13230.459611155613,,,,,2007-01-01,18022250
0,154,,5352.433745653361,,,,,2007-01-01,18046688
0,155,,5352.433745653361,,,,,2007-01-01,18046688
0,156,,2949.3091009534287,,,,,2007-01-01,17955487
0,157,,2949.3091009534287,,,,,2007-01-01,17955487
0,158,,537.475882269697,,,,,2007-01-01,17956199
0,160,,2541.8152300628003,,,,,2007-01-01,17956869
0,161,,2541.8152300628003,,,,,2007-01-01,17956869
0,162,,2541.8152300628003,,,,,2007-01-01,17956869
0,163,,2541.8152300628003,,,,,2007-01-01,17956869
0,165,,2233.7288742857145,,,,,2007-01-01,17956913
0,166,,2233.7288742857145,,,,,2007-01-01,17956913
0,167,,2233.7288742857145,,,,,2007-01-01,17956913
0,168,,2233.7288742857145,,,,,2007-01-01,17956913
0,169,,2233.7288742857145,,,,,2007-01-01,17956913
0,172,,4281.390053035428,,,,,2007-01-01,17956955
0,173,,4281.390053035428,,,,,2007-01-01,17956955
0,174,,4281.390053035428,,,,,2007-01-01,17956955
0,175,,4281.390053035428,,,,,2007-01-01,17956955
0,176,,365.28183666666666,,,,,2007-01-01,17956961
0,177,,365.28183666666666,,,,,2007-01-01,17956961
0,178,,273.7493092156863,,,,,2007-01-01,17957815
0,179,,273.7493092156863,,,,,2007-01-01,17957815
0,180,,273.7493092156863,,,,,2007-01-01,17957815
0,181,,273.7493092156863,,,,,2007-01-01,17957815
0,182,,273.7493092156863,,,,,2007-01-01,17957815
0,183,,273.7493092156863,,,,,2007-01-01,17957815
0,184,,2091.415099895023,,,,,2007-01-01,17958207
0,185,,5327.389797142857,,,,,2007-01-01,18022216
0,188,,287.0398092962785,,,,,2007-01-01,18047170
0,189,,287.0398092962785,,,,,2007-01-01,18047170
0,190,,287.0398092962785,,,,,2007-01-01,18047170
0,191,,287.0398092962785,,,,,2007-01-01,18047170
0,192,,287.0398092962785,,,,,2007-01-01,18047170
0,193,,287.0398092962785,,,,,2007-01-01,18047170
0,194,,287.0398092962785,,,,,2007-01-01,18047170
0,195,22958953.446651585,,18047162,estimated,0.0,221.0,2000-07-01,18046670
1,1,,2601.1922855555554,,,,,1998-04-01,17955471
1,2,,2601.1922855555554,,,,,1998-04-01,17955471
1,3,,2601.1922855555554,,,,,1998-04-01,17955471
1,4,,637.9307166666667,,,,,1998-04-01,17955445
1,5,,637.9307166666667,,,,,1998-04-01,17955445
1,6,,637.9307166666667,,,,,1998-04-01,17955445
1,9,,405.55055,,,,,1998-04-01,17957809
1,10,,405.55055,,,,,1998-04-01,17957809
1,13,,811.1011,,,,,1998-04-01,17955543
1,14,,336.11328,,,,,1998-04-01,17979087
1,15,,373.93901999999997,,,,,1998-04-01,17955663
1,16,,373.93901999999997,,,,,1998-04-01,17955663
1,17,,373.93901999999997,,,,,1998-04-01,17955663
1,18,,373.93901999999997,,,,,1998-04-01,17955663
1,19,,373.93901999999997,,,,,1998-04-01,17955663
1,22,,336.11328,,,,,1998-04-01,17979089
1,23,,468.7624333333333,,,,,1998-04-01,17955739
1,24,,336.11328,,,,,1998-04-01,17958139
1,25,,3379.3469474,,,,,1998-04-01,17955893
1,26,,3379.3469474,,,,,1998-04-01,17955893
1,27,,3379.3469474,,,,,1998-04-01,17955893
1,28,,3379.3469474,,,,,1998-04-01,17955893
1,29,,3379.3469474,,,,,1998-04-01,17955893
1,30,,399.7185,,,,,1998-04-01,938030572
1,31,,399.7185,,,,,1998-04-01,938030572
1,32,32174185.357777778,364.781635,17958153,estimated,0.0,81.0,1998-04-01,17958153
1,33,,364.781635,,,,,1998-04-01,17958153
1,34,,364.781635,,,,,1998-04-01,17958153
1,35,,364.781635,,,,,1998-04-01,17958153
1,36,,421.8738708333333,,,,,1998-04-01,17955879
1,37,,421.8738708333333,,,,,1998-04-01,17955879
1,38,,3676.3658,,,,,1998-04-01,17955835
1,39,,191.28141666666667,,,,,1998-04-01,17957903
1,40,,191.28141666666667,,,,,1998-04-01,17957903
1,41,,191.28141666666667,,,,,1998-04-01,17957903
1,42,,191.28141666666667,,,,,1998-04-01,17957903
1,43,,191.28141666666667,,,,,1998-04-01,17957903
1,44,,191.28141666666667,,,,,1998-04-01,17957903
1,45,,803.5149647916667,,,,,1998-04-01,17955819
1,46,,803.5149647916667,,,,,1998-04-01,17955819
1,47,,803.5149647916667,,,,,1998-04-01,17955819
1,48,,803.5149647916667,,,,,1998-04-01,17955819
1,49,,3745.5875905000003,,,,,1998-04-01,17955821
1,50,,3745.5875905000003,,,,,1998-04-01,17955821
1,52,,308.0152225,,,,,1998-04-01,17955907
1,53,,308.0152225,,,,,1998-04-01,17955907
1,54,,334.62749287500003,,,,,1998-04-01,17955933
1,55,,334.62749287500003,,,,,1998-04-01,17955933
1,56,,334.62749287500003,,,,,1998-04-01,17955933
1,57,,334.62749287500003,,,,,1998-04-01,17955933
1,58,,334.62749287500003,,,,,1998-04-01,17955933
1,59,,334.62749287500003,,,,,1998-04-01,17955933
1,60,,334.62749287500003,,,,,1998-04-01,17955933
1,61,,334.62749287500003,,,,,1998-04-01,17955933
1,62,,299.0954666666667,,,,,1998-04-01,17955905
1,63,,299.0954666666667,,,,,1998-04-01,17955905
1,64,,299.0954666666667,,,,,1998-04-01,17955905
1,65,,405.80199999999996,,,,,1998-04-01,17955829
1,66,,467.5410111666667,,,,,1998-04-01,17955969
1,67,,467.5410111666667,,,,,1998-04-01,17955969
1,70,,1472.1465777777778,,,,,1998-04-01,17955973
1,71,,1472.1465777777778,,,,,1998-04-01,17955973
1,72,,1472.1465777777778,,,,,1998-04-01,17955973
1,75,,665.5096109333333,,,,,1998-04-01,17957969
1,76,,665.5096109333333,,,,,1998-04-01,17957969
1,77,,665.5096109333333,,,,,1998-04-01,17957969
1,78,,665.5096109333333,,,,,1998-04-01,17957969
1,79,,665.5096109333333,,,,,1998-04-01,17957969
1,84,,681.0110873333334,,,,,1998-04-01,17956121
1,85,,681.0110873333334,,,,,1998-04-01,17956121
1,86,,681.0110873333334,,,,,1998-04-01,17956121
1,87,,681.0110873333334,,,,,1998-04-01,17956121
1,88,,681.0110873333334,,,,,1998-04-01,17956121
1,90,,1203.4137176666666,,,,,1998-04-01,17956161
1,91,,1137.1753956333334,,,,,1998-04-01,17956107
1,92,,1137.1753956333334,,,,,1998-04-01,17956107
1,93,,1137.1753956333334,,,,,1998-04-01,17956107
1,94,,1137.1753956333334,,,,,1998-04-01,17956107
1,95,,1137.1753956333334,,,,,1998-04-01,17956107
1,96,,1137.1753956333334,,,,,1998-04-01,17956107
1,97,,1137.1753956333334,,,,,1998-04-01,17956107
1,98,,1137.1753956333334,,,,,1998-04-01,17956107
1,99,,1137.1753956333334,,,,,1998-04-01,17956107
1,100,,1137.1753956333334,,,,,1998-04-01,17956107
1,101,,736.0537599999999,,,,,1998-04-01,17956091
1,102,,325.38625,,,,,1998-04-01,17956151
1,103,,325.38625,,,,,1998-04-01,17956151
1,104,,993.6722791666666,,,,,1998-04-01,17956169
1,105,,993.6722791666666,,,,,1998-04-01,17956169
1,106,,993.6722791666666,,,,,1998-04-01,17956169
1,107,,993.6722791666666,,,,,1998-04-01,17956169
1,110,,1787.6831,,,,,1998-04-01,17957955
1,111,,944.6932583333335,,,,,1998-04-01,17957983
1,112,,944.6932583333335,,,,,1998-04-01,17957983
1,113,,944.6932583333335,,,,,1998-04-01,17957983
1,114,,944.6932583333335,,,,,1998-04-01,17957983
1,115,,7229.412557777779,,,,,1998-04-01,17956813
1,116,,7229.412557777779,,,,,1998-04-01,17956813
1,117,,7229.412557777779,,,,,1998-04-01,17956813
1,120,,108.73534666666666,,,,,1998-04-01,17958269
1,121,,108.73534666666666,,,,,1998-04-01,17958269
1,122,,108.73534666666666,,,,,1998-04-01,17958269
1,124,,5219.905857999999,,,,,1998-04-01,17958265
1,126,,3113.333607266666,,,,,1998-04-01,17956335
1,127,,1958.99215,,,,,1998-04-01,17956705
1,128,,211.59155333333334,,,,,1998-04-01,17958031
1,129,,211.59155333333334,,,,,1998-04-01,17958031
1,130,,211.59155333333334,,,,,1998-04-01,17958031
1,131,,211.59155333333334,,,,,1998-04-01,17958031
1,132,,211.59155333333334,,,,,1998-04-01,17958031
1,133,,466.4911466666666,,,,,1998-04-01,17958025
1,134,,466.4911466666666,,,,,1998-04-01,17958025
1,135,,466.4911466666666,,,,,1998-04-01,17958025
1,136,,466.4911466666666,,,,,1998-04-01,17958025
1,137,,466.4911466666666,,,,,1998-04-01,17958025
1,138,,283.3596824,,,,,1998-04-01,17958237
1,141,,283.3596824,,,,,1998-04-01,17958241
1,142,,433.3016333333333,,,,,1998-04-01,17956823
1,143,,433.3016333333333,,,,,1998-04-01,17956823
1,144,,13971.391794466666,,,,,1998-04-01,17956827
1,149,,6282.813288333334,,,,,1998-04-01,17955371
1,150,,402.55045333333334,,,,,1998-04-01,17958205
1,151,,402.55045333333334,,,,,1998-04-01,17958205
1,152,,402.55045333333334,,,,,1998-04-01,17958205
1,153,,10946.422702,,,,,1998-04-01,18022250
1,154,,3536.72215,,,,,1998-04-01,18046688
1,155,,3536.72215,,,,,1998-04-01,18046688
1,156,,1759.8753720666668,,,,,1998-04-01,17955487
1,157,,1759.8753720666668,,,,,1998-04-01,17955487
1,158,,314.05739,,,,,1998-04-01,17956199
1,160,,704.4704072583334,,,,,1998-04-01,17956869
1,161,,704.4704072583334,,,,,1998-04-01,17956869
1,162,,704.4704072583334,,,,,1998-04-01,17956869
1,163,,704.4704072583334,,,,,1998-04-01,17956869
1,165,,1276.8120666666669,,,,,1998-04-01,17956913
1,166,,1276.8120666666669,,,,,1998-04-01,17956913
1,167,,1276.8120666666669,,,,,1998-04-01,17956913
1,168,,1276.8120666666669,,,,,1998-04-01,17956913
1,169,,1276.8120666666669,,,,,1998-04-01,17956913
1,172,,2342.8244065833333,,,,,1998-04-01,17956955
1,173,,2342.8244065833333,,,,,1998-04-01,17956955
1,174,,2342.8244065833333,,,,,1998-04-01,17956955
1,175,,2342.8244065833333,,,,,1998-04-01,17956955
1,176,,144.24794999999997,,,,,1998-04-01,17956961
1,177,,144.24794999999997,,,,,1998-04-01,17956961
1,178,,183.60751377777777,,,,,1998-04-01,17957815
1,179,,183.60751377777777,,,,,1998-04-01,17957815
1,180,,183.60751377777777,,,,,1998-04-01,17957815
1,181,,183.60751377777777,,,,,1998-04-01,17957815
1,182,,183.60751377777777,,,,,1998-04-01,17957815
1,183,,183.60751377777777,,,,,1998-04-01,17957815
1,184,,907.4433143666668,,,,,1998-04-01,17958207
1,185,,1826.2716333333335,,,,,1998-04-01,18022216
1,188,,170.54377142857143,,,,,1998-04-01,18047170
1,189,,170.54377142857143,,,,,1998-04-01,18047170
1,190,,170.54377142857143,,,,,1998-04-01,18047170
1,191,,170.54377142857143,,,,,1998-04-01,18047170
1,192,,170.54377142857143,,,,,1998-04-01,18047170
1,193,,170.54377142857143,,,,,1998-04-01,18047170
1,194,,170.54377142857143,,,,,1998-04-01,18047170
1,195,24737787.254938275,,18047162,estimated,0.0,81.0,1998-04-01,18046670
2,1,,1314.7317555555555,,,,,2007-04-01,17955471
2,2,,1314.7317555555555,,,,,2007-04-01,17955471
2,3,,1314.7317555555555,,,,,2007-04-01,17955471
2,4,,553.9633827777778,,,,,2007-04-01,17955445
2,5,,553.9633827777778,,,,,2007-04-01,17955445
2,6,,553.9633827777778,,,,,2007-04-01,17955445
2,9,,206.0170416666667,,,,,2007-04-01,17957809
2,10,,206.0170416666667,,,,,2007-04-01,17957809
2,13,,412.0340833333334,,,,,2007-04-01,17955543
2,14,,178.07128333333333,,,,,2007-04-01,17979087
2,15,,189.40842,,,,,2007-04-01,17955663
2,16,,189.40842,,,,,2007-04-01,17955663
2,17,,189.40842,,,,,2007-04-01,17955663
2,18,,189.40842,,,,,2007-04-01,17955663
2,19,,189.40842,,,,,2007-04-01,17955663
2,22,,178.07128333333333,,,,,2007-04-01,17979089
2,23,,479.52855,,,,,2007-04-01,17955739
2,24,,178.07128333333333,,,,,2007-04-01,17958139
2,25,,4444.907221016667,,,,,2007-04-01,17955893
2,26,,4444.907221016667,,,,,2007-04-01,17955893
2,27,,4444.907221016667,,,,,2007-04-01,17955893
2,28,,4444.907221016667,,,,,2007-04-01,17955893
2,29,,4444.907221016667,,,,,2007-04-01,17955893
2,30,,198.8615,,,,,2007-04-01,938030572
2,31,,198.8615,,,,,2007-04-01,938030572
2,32,14951932.793333335,187.73973333333333,17958153,estimated,0.0,6.0,2007-04-01,17958153
2,33,,187.73973333333333,,,,,2007-04-01,17958153
2,34,,187.73973333333333,,,,,2007-04-01,17958153
2,35,,187.73973333333333,,,,,2007-04-01,17958153
2,36,,494.239865,,,,,2007-04-01,17955879
2,37,,494.239865,,,,,2007-04-01,17955879
2,38,,1832.8750666666665,,,,,2007-04-01,17955835
2,39,,91.53710833333334,,,,,2007-04-01,17957903
2,40,,91.53710833333334,,,,,2007-04-01,17957903
2,41,,91.53710833333334,,,,,2007-04-01,17957903
2,42,,91.53710833333334,,,,,2007-04-01,17957903
2,43,,91.53710833333334,,,,,2007-04-01,17957903
2,44,,91.53710833333334,,,,,2007-04-01,17957903
2,45,,819.7263493333332,,,,,2007-04-01,17955819
2,46,,819.7263493333332,,,,,2007-04-01,17955819
2,47,,819.7263493333332,,,,,2007-04-01,17955819
2,48,,819.7263493333332,,,,,2007-04-01,17955819
2,49,,3041.2819875000005,,,,,2007-04-01,17955821
2,50,,3041.2819875000005,,,,,2007-04-01,17955821
2,52,,185.73971666666665,,,,,2007-04-01,17955907
2,53,,185.73971666666665,,,,,2007-04-01,17955907
2,54,,222.10864583333336,,,,,2007-04-01,17955933
2,55,,222.10864583333336,,,,,2007-04-01,17955933
2,56,,222.10864583333336,,,,,2007-04-01,17955933
2,57,,222.10864583333336,,,,,2007-04-01,17955933
2,58,,222.10864583333336,,,,,2007-04-01,17955933
2,59,,222.10864583333336,,,,,2007-04-01,17955933
2,60,,222.10864583333336,,,,,2007-04-01,17955933
2,61,,222.10864583333336,,,,,2007-04-01,17955933
2,62,,160.61122777777777,,,,,2007-04-01,17955905
2,63,,160.61122777777777,,,,,2007-04-01,17955905
2,64,,160.61122777777777,,,,,2007-04-01,17955905
2,65,,224.67926666666665,,,,,2007-04-01,17955829
2,66,,390.02281666666664,,,,,2007-04-01,17955969
2,67,,390.02281666666664,,,,,2007-04-01,17955969
2,70,,1386.1187666666665,,,,,2007-04-01,17955973
2,71,,1386.1187666666665,,,,,2007-04-01,17955973
2,72,,1386.1187666666665,,,,,2007-04-01,17955973
2,75,,798.2122733333333,,,,,2007-04-01,17957969
2,76,,798.2122733333333,,,,,2007-04-01,17957969
2,77,,798.2122733333333,,,,,2007-04-01,17957969
2,78,,798.2122733333333,,,,,2007-04-01,17957969
2,79,,798.2122733333333,,,,,2007-04-01,17957969
2,84,,737.4422666666666,,,,,2007-04-01,17956121
2,85,,737.4422666666666,,,,,2007-04-01,17956121
2,86,,737.4422666666666,,,,,2007-04-01,17956121
2,87,,737.4422666666666,,,,,2007-04-01,17956121
2,88,,737.4422666666666,,,,,2007-04-01,17956121
2,90,,1281.2761666666668,,,,,2007-04-01,17956161
2,91,,957.5183066666666,,,,,2007-04-01,17956107
2,92,,957.5183066666666,,,,,2007-04-01,17956107
2,93,,957.5183066666666,,,,,2007-04-01,17956107
2,94,,957.5183066666666,,,,,2007-04-01,17956107
2,95,,957.5183066666666,,,,,2007-04-01,17956107
2,96,,957.5183066666666,,,,,2007-04-01,17956107
2,97,,957.5183066666666,,,,,2007-04-01,17956107
2,98,,957.5183066666666,,,,,2007-04-01,17956107
2,99,,957.5183066666666,,,,,2007-04-01,17956107
2,100,,957.5183066666666,,,,,2007-04-01,17956107
2,101,,748.4229333333333,,,,,2007-04-01,17956091
2,102,,188.34888833333335,,,,,2007-04-01,17956151
2,103,,188.34888833333335,,,,,2007-04-01,17956151
2,104,,772.8510416666667,,,,,2007-04-01,17956169
2,105,,772.8510416666667,,,,,2007-04-01,17956169
2,106,,772.8510416666667,,,,,2007-04-01,17956169
2,107,,772.8510416666667,,,,,2007-04-01,17956169
2,110,,2680.0750000000003,,,,,2007-04-01,17957955
2,111,,1397.9195833333333,,,,,2007-04-01,17957983
2,112,,1397.9195833333333,,,,,2007-04-01,17957983
2,113,,1397.9195833333333,,,,,2007-04-01,17957983
2,114,,1397.9195833333333,,,,,2007-04-01,17957983
2,115,,9684.989605555556,,,,,2007-04-01,17956813
2,116,,9684.989605555556,,,,,2007-04-01,17956813
2,117,,9684.989605555556,,,,,2007-04-01,17956813
2,120,,106.24135000000001,,,,,2007-04-01,17958269
2,121,,106.24135000000001,,,,,2007-04-01,17958269
2,122,,106.24135000000001,,,,,2007-04-01,17958269
2,124,,5360.322979886666,,,,,2007-04-01,17958265
2,126,,3021.3010166666663,,,,,2007-04-01,17956335
2,127,,1924.4727666666668,,,,,2007-04-01,17956705
2,128,,192.69,,,,,2007-04-01,17958031
2,129,,192.69,,,,,2007-04-01,17958031
2,130,,192.69,,,,,2007-04-01,17958031
2,131,,192.69,,,,,2007-04-01,17958031
2,132,,192.69,,,,,2007-04-01,17958031
2,133,,724.8283333333333,,,,,2007-04-01,17958025
2,134,,724.8283333333333,,,,,2007-04-01,17958025
2,135,,724.8283333333333,,,,,2007-04-01,17958025
2,136,,724.8283333333333,,,,,2007-04-01,17958025
2,137,,724.8283333333333,,,,,2007-04-01,17958025
2,138,,372.4253833333334,,,,,2007-04-01,17958237
2,141,,372.4253833333334,,,,,2007-04-01,17958241
2,142,,618.2748333333333,,,,,2007-04-01,17956823
2,143,,618.2748333333333,,,,,2007-04-01,17956823
2,144,,16643.946266666666,,,,,2007-04-01,17956827
2,149,,4726.068175,,,,,2007-04-01,17955371
2,150,,394.7321111111111,,,,,2007-04-01,17958205
2,151,,394.7321111111111,,,,,2007-04-01,17958205
2,152,,394.7321111111111,,,,,2007-04-01,17958205
2,153,,13450.828366875334,,,,,2007-04-01,18022250
2,154,,4770.756079416667,,,,,2007-04-01,18046688
2,155,,4770.756079416667,,,,,2007-04-01,18046688
2,156,,2619.6192,,,,,2007-04-01,17955487
2,157,,2619.6192,,,,,2007-04-01,17955487
2,158,,220.96233499999997,,,,,2007-04-01,17956199
2,160,,819.6880208333333,,,,,2007-04-01,17956869
2,161,,819.6880208333333,,,,,2007-04-01,17956869
2,162,,819.6880208333333,,,,,2007-04-01,17956869
2,163,,819.6880208333333,,,,,2007-04-01,17956869
2,165,,2032.5556666666666,,,,,2007-04-01,17956913
2,166,,2032.5556666666666,,,,,2007-04-01,17956913
2,167,,2032.5556666666666,,,,,2007-04-01,17956913
2,168,,2032.5556666666666,,,,,2007-04-01,17956913
2,169,,2032.5556666666666,,,,,2007-04-01,17956913
2,172,,3859.821515625,,,,,2007-04-01,17956955
2,173,,3859.821515625,,,,,2007-04-01,17956955
2,174,,3859.821515625,,,,,2007-04-01,17956955
2,175,,3859.821515625,,,,,2007-04-01,17956955
2,176,,207.90324999999999,,,,,2007-04-01,17956961
2,177,,207.90324999999999,,,,,2007-04-01,17956961
2,178,,154.47622222222222,,,,,2007-04-01,17957815
2,179,,154.47622222222222,,,,,2007-04-01,17957815
2,180,,154.47622222222222,,,,,2007-04-01,17957815
2,181,,154.47622222222222,,,,,2007-04-01,17957815
2,182,,154.47622222222222,,,,,2007-04-01,17957815
2,183,,154.47622222222222,,,,,2007-04-01,17957815
2,184,,854.0328333333334,,,,,2007-04-01,17958207
2,185,,2627.0743333333335,,,,,2007-04-01,18022216
2,188,,223.4410823809524,,,,,2007-04-01,18047170
2,189,,223.4410823809524,,,,,2007-04-01,18047170
2,190,,223.4410823809524,,,,,2007-04-01,18047170
2,191,,223.4410823809524,,,,,2007-04-01,18047170
2,192,,223.4410823809524,,,,,2007-04-01,18047170
2,193,,223.4410823809524,,,,,2007-04-01,18047170
2,194,,223.4410823809524,,,,,2007-04-01,18047170
2,195,4486422.606666666,,18047162,estimated,0.0,6.0,2007-04-01,18046670
3,1,,2254.4434327777776,,,,,2007-10-01,17955471
3,2,,2254.4434327777776,,,,,2007-10-01,17955471
3,3,,2254.4434327777776,,,,,2007-10-01,17955471
3,4,,516.9924227777777,,,,,2007-10-01,17955445
3,5,,516.9924227777777,,,,,2007-10-01,17955445
3,6,,516.9924227777777,,,,,2007-10-01,17955445
3,9,,175.96154833333333,,,,,2007-10-01,17957809
3,10,,175.96154833333333,,,,,2007-10-01,17957809
3,13,,552.5753966666666,,,,,2007-10-01,17955543
3,14,,217.31719,,,,,2007-10-01,17979087
3,15,,231.70311666666666,,,,,2007-10-01,17955663
3,16,,231.70311666666666,,,,,2007-10-01,17955663
3,17,,231.70311666666666,,,,,2007-10-01,17955663
3,18,,231.70311666666666,,,,,2007-10-01,17955663
3,19,,231.70311666666666,,,,,2007-10-01,17955663
3,22,,180.71869,,,,,2007-10-01,17979089
3,23,,339.5192383333333,,,,,2007-10-01,17955739
3,24,,217.31719,,,,,2007-10-01,17958139
3,25,,3482.0055804999997,,,,,2007-10-01,17955893
3,26,,3482.0055804999997,,,,,2007-10-01,17955893
3,27,,3482.0055804999997,,,,,2007-10-01,17955893
3,28,,3482.0055804999997,,,,,2007-10-01,17955893
3,29,,3482.0055804999997,,,,,2007-10-01,17955893
3,30,,217.840225,,,,,2007-10-01,938030572
3,31,,217.840225,,,,,2007-10-01,938030572
3,32,27038021.44333333,223.70948750000002,17958153,estimated,0.0,6.0,2007-10-01,17958153
3,33,,223.70948750000002,,,,,2007-10-01,17958153
3,34,,223.70948750000002,,,,,2007-10-01,17958153
3,35,,223.70948750000002,,,,,2007-10-01,17958153
3,36,,605.8418972433333,,,,,2007-10-01,17955879
3,37,,605.8418972433333,,,,,2007-10-01,17955879
3,38,,2245.6307566666665,,,,,2007-10-01,17955835
3,39,,128.71426666666667,,,,,2007-10-01,17957903
3,40,,128.71426666666667,,,,,2007-10-01,17957903
3,41,,128.71426666666667,,,,,2007-10-01,17957903
3,42,,128.71426666666667,,,,,2007-10-01,17957903
3,43,,128.71426666666667,,,,,2007-10-01,17957903
3,44,,128.71426666666667,,,,,2007-10-01,17957903
3,45,,1030.3879634412501,,,,,2007-10-01,17955819
3,46,,1030.3879634412501,,,,,2007-10-01,17955819
3,47,,1030.3879634412501,,,,,2007-10-01,17955819
3,48,,1030.3879634412501,,,,,2007-10-01,17955819
3,49,,4118.901175,,,,,2007-10-01,17955821
3,50,,4118.901175,,,,,2007-10-01,17955821
3,52,,144.70855666666668,,,,,2007-10-01,17955907
3,53,,144.70855666666668,,,,,2007-10-01,17955907
3,54,,263.3529541666667,,,,,2007-10-01,17955933
3,55,,263.3529541666667,,,,,2007-10-01,17955933
3,56,,263.3529541666667,,,,,2007-10-01,17955933
3,57,,263.3529541666667,,,,,2007-10-01,17955933
3,58,,263.3529541666667,,,,,2007-10-01,17955933
3,59,,263.3529541666667,,,,,2007-10-01,17955933
3,60,,263.3529541666667,,,,,2007-10-01,17955933
3,61,,263.3529541666667,,,,,2007-10-01,17955933
3,62,,382.39990111111115,,,,,2007-10-01,17955905
3,63,,382.39990111111115,,,,,2007-10-01,17955905
3,64,,382.39990111111115,,,,,2007-10-01,17955905
3,65,,373.72454999999997,,,,,2007-10-01,17955829
3,66,,508.47676666666666,,,,,2007-10-01,17955969
3,67,,508.47676666666666,,,,,2007-10-01,17955969
3,70,,1731.7048955555556,,,,,2007-10-01,17955973
3,71,,1731.7048955555556,,,,,2007-10-01,17955973
3,72,,1731.7048955555556,,,,,2007-10-01,17955973
3,75,,721.2784081333333,,,,,2007-10-01,17957969
3,76,,721.2784081333333,,,,,2007-10-01,17957969
3,77,,721.2784081333333,,,,,2007-10-01,17957969
3,78,,721.2784081333333,,,,,2007-10-01,17957969
3,79,,721.2784081333333,,,,,2007-10-01,17957969
3,84,,903.1748666666666,,,,,2007-10-01,17956121
3,85,,903.1748666666666,,,,,2007-10-01,17956121
3,86,,903.1748666666666,,,,,2007-10-01,17956121
3,87,,903.1748666666666,,,,,2007-10-01,17956121
3,88,,903.1748666666666,,,,,2007-10-01,17956121
3,90,,1679.5582666666667,,,,,2007-10-01,17956161
3,91,,1013.6264216666666,,,,,2007-10-01,17956107
3,92,,1013.6264216666666,,,,,2007-10-01,17956107
3,93,,1013.6264216666666,,,,,2007-10-01,17956107
3,94,,1013.6264216666666,,,,,2007-10-01,17956107
3,95,,1013.6264216666666,,,,,2007-10-01,17956107
3,96,,1013.6264216666666,,,,,2007-10-01,17956107
3,97,,1013.6264216666666,,,,,2007-10-01,17956107
3,98,,1013.6264216666666,,,,,2007-10-01,17956107
3,99,,1013.6264216666666,,,,,2007-10-01,17956107
3,100,,1013.6264216666666,,,,,2007-10-01,17956107
3,101,,991.2725,,,,,2007-10-01,17956091
3,102,,209.98489333333333,,,,,2007-10-01,17956151
3,103,,209.98489333333333,,,,,2007-10-01,17956151
3,104,,970.4782833333334,,,,,2007-10-01,17956169
3,105,,970.4782833333334,,,,,2007-10-01,17956169
3,106,,970.4782833333334,,,,,2007-10-01,17956169
3,107,,970.4782833333334,,,,,2007-10-01,17956169
3,110,,1773.1234794,,,,,2007-10-01,17957955
3,111,,1383.69375,,,,,2007-10-01,17957983
3,112,,1383.69375,,,,,2007-10-01,17957983
3,113,,1383.69375,,,,,2007-10-01,17957983
3,114,,1383.69375,,,,,2007-10-01,17957983
3,115,,7603.367552722223,,,,,2007-10-01,17956813
3,116,,7603.367552722223,,,,,2007-10-01,17956813
3,117,,7603.367552722223,,,,,2007-10-01,17956813
3,120,,102.71506394444445,,,,,2007-10-01,17958269
3,121,,102.71506394444445,,,,,2007-10-01,17958269
3,122,,102.71506394444445,,,,,2007-10-01,17958269
3,124,,5722.154004383333,,,,,2007-10-01,17958265
3,126,,4261.678500385333,,,,,2007-10-01,17956335
3,127,,2967.4430029999994,,,,,2007-10-01,17956705
3,128,,190.26548893333336,,,,,2007-10-01,17958031
3,129,,190.26548893333336,,,,,2007-10-01,17958031
3,130,,190.26548893333336,,,,,2007-10-01,17958031
3,131,,190.26548893333336,,,,,2007-10-01,17958031
3,132,,190.26548893333336,,,,,2007-10-01,17958031
3,133,,644.2813333333335,,,,,2007-10-01,17958025
3,134,,644.2813333333335,,,,,2007-10-01,17958025
3,135,,644.2813333333335,,,,,2007-10-01,17958025
3,136,,644.2813333333335,,,,,2007-10-01,17958025
3,137,,644.2813333333335,,,,,2007-10-01,17958025
3,138,,1493.4348499999999,,,,,2007-10-01,17958237
3,141,,345.77756666666664,,,,,2007-10-01,17958241
3,142,,529.2331925,,,,,2007-10-01,17956823
3,143,,529.2331925,,,,,2007-10-01,17956823
3,144,,18264.37095,,,,,2007-10-01,17956827
3,149,,4587.296531666667,,,,,2007-10-01,17955371
3,150,,546.1183333333332,,,,,2007-10-01,17958205
3,151,,546.1183333333332,,,,,2007-10-01,17958205
3,152,,546.1183333333332,,,,,2007-10-01,17958205
3,153,,7965.40137825,,,,,2007-10-01,18022250
3,154,,3627.4019583333334,,,,,2007-10-01,18046688
3,155,,3627.4019583333334,,,,,2007-10-01,18046688
3,156,,2356.6870666666664,,,,,2007-10-01,17955487
3,157,,2356.6870666666664,,,,,2007-10-01,17955487
3,158,,330.7464928333333,,,,,2007-10-01,17956199
3,160,,1409.6494258333332,,,,,2007-10-01,17956869
3,161,,1409.6494258333332,,,,,2007-10-01,17956869
3,162,,1409.6494258333332,,,,,2007-10-01,17956869
3,163,,1409.6494258333332,,,,,2007-10-01,17956869
3,165,,1684.9399999999998,,,,,2007-10-01,17956913
3,166,,1684.9399999999998,,,,,2007-10-01,17956913
3,167,,1684.9399999999998,,,,,2007-10-01,17956913
3,168,,1684.9399999999998,,,,,2007-10-01,17956913
3,169,,1684.9399999999998,,,,,2007-10-01,17956913
3,172,,3534.12316125,,,,,2007-10-01,17956955
3,173,,3534.12316125,,,,,2007-10-01,17956955
3,174,,3534.12316125,,,,,2007-10-01,17956955
3,175,,3534.12316125,,,,,2007-10-01,17956955
3,176,,180.69618333333335,,,,,2007-10-01,17956961
3,177,,180.69618333333335,,,,,2007-10-01,17956961
3,178,,138.60645833333334,,,,,2007-10-01,17957815
3,179,,138.60645833333334,,,,,2007-10-01,17957815
3,180,,138.60645833333334,,,,,2007-10-01,17957815
3,181,,138.60645833333334,,,,,2007-10-01,17957815
3,182,,138.60645833333334,,,,,2007-10-01,17957815
3,183,,138.60645833333334,,,,,2007-10-01,17957815
3,184,,1158.3729680000001,,,,,2007-10-01,17958207
3,185,,2899.522166666667,,,,,2007-10-01,18022216
3,188,,195.20565476190475,,,,,2007-10-01,18047170
3,189,,195.20565476190475,,,,,2007-10-01,18047170
3,190,,195.20565476190475,,,,,2007-10-01,18047170
3,191,,195.20565476190475,,,,,2007-10-01,18047170
3,192,,195.20565476190475,,,,,2007-10-01,18047170
3,193,,195.20565476190475,,,,,2007-10-01,18047170
3,194,,195.20565476190475,,,,,2007-10-01,18047170
3,195,25694351.745,,18047162,estimated,0.0,6.0,2007-10-01,18046670
4,1,,3520.606167777778,,,,,2008-04-01,17955471
4,2,,3520.606167777778,,,,,2008-04-01,17955471
4,3,,3520.606167777778,,,,,2008-04-01,17955471
4,4,,1100.1329466666666,,,,,2008-04-01,17955445
4,5,,1100.1329466666666,,,,,2008-04-01,17955445
4,6,,1100.1329466666666,,,,,2008-04-01,17955445
4,9,,321.27337,,,,,2008-04-01,17957809
4,10,,321.27337,,,,,2008-04-01,17957809
4,13,,1446.9307533333333,,,,,2008-04-01,17955543
4,14,,818.30675,,,,,2008-04-01,17979087
4,15,,660.0806399999999,,,,,2008-04-01,17955663
4,16,,660.0806399999999,,,,,2008-04-01,17955663
4,17,,660.0806399999999,,,,,2008-04-01,17955663
4,18,,660.0806399999999,,,,,2008-04-01,17955663
4,19,,660.0806399999999,,,,,2008-04-01,17955663
4,22,,566.85025,,,,,2008-04-01,17979089
4,23,,741.8638000000001,,,,,2008-04-01,17955739
4,24,,818.30675,,,,,2008-04-01,17958139
4,25,,4697.055549666667,,,,,2008-04-01,17955893
4,26,,4697.055549666667,,,,,2008-04-01,17955893
4,27,,4697.055549666667,,,,,2008-04-01,17955893
4,28,,4697.055549666667,,,,,2008-04-01,17955893
4,29,,4697.055549666667,,,,,2008-04-01,17955893
4,30,,741.8638000000001,,,,,2008-04-01,938030572
4,31,,741.8638000000001,,,,,2008-04-01,938030572
4,32,25262586.885,733.067145,17958153,estimated,0.0,6.0,2008-04-01,17958153
4,33,,733.067145,,,,,2008-04-01,17958153
4,34,,733.067145,,,,,2008-04-01,17958153
4,35,,733.067145,,,,,2008-04-01,17958153
4,36,,724.85421125,,,,,2008-04-01,17955879
4,37,,724.85421125,,,,,2008-04-01,17955879
4,38,,6834.311940766667,,,,,2008-04-01,17955835
4,39,,346.42182055555554,,,,,2008-04-01,17957903
4,40,,346.42182055555554,,,,,2008-04-01,17957903
4,41,,346.42182055555554,,,,,2008-04-01,17957903
4,42,,346.42182055555554,,,,,2008-04-01,17957903
4,43,,346.42182055555554,,,,,2008-04-01,17957903
4,44,,346.42182055555554,,,,,2008-04-01,17957903
4,45,,1658.4514988333333,,,,,2008-04-01,17955819
4,46,,1658.4514988333333,,,,,2008-04-01,17955819
4,47,,1658.4514988333333,,,,,2008-04-01,17955819
4,48,,1658.4514988333333,,,,,2008-04-01,17955819
4,49,,6979.28945,,,,,2008-04-01,17955821
4,50,,6979.28945,,,,,2008-04-01,17955821
4,52,,374.4946078,,,,,2008-04-01,17955907
4,53,,374.4946078,,,,,2008-04-01,17955907
4,54,,682.901006875,,,,,2008-04-01,17955933
4,55,,682.901006875,,,,,2008-04-01,17955933
4,56,,682.901006875,,,,,2008-04-01,17955933
4,57,,682.901006875,,,,,2008-04-01,17955933
4,58,,682.901006875,,,,,2008-04-01,17955933
4,59,,682.901006875,,,,,2008-04-01,17955933
4,60,,682.901006875,,,,,2008-04-01,17955933
4,61,,682.901006875,,,,,2008-04-01,17955933
4,62,,1106.3114611111112,,,,,2008-04-01,17955905
4,63,,1106.3114611111112,,,,,2008-04-01,17955905
4,64,,1106.3114611111112,,,,,2008-04-01,17955905
4,65,,737.0404000000001,,,,,2008-04-01,17955829
4,66,,1308.2591333333332,,,,,2008-04-01,17955969
4,67,,1308.2591333333332,,,,,2008-04-01,17955969
4,70,,3199.131266666667,,,,,2008-04-01,17955973
4,71,,3199.131266666667,,,,,2008-04-01,17955973
4,72,,3199.131266666667,,,,,2008-04-01,17955973
4,75,,978.2588549433334,,,,,2008-04-01,17957969
4,76,,978.2588549433334,,,,,2008-04-01,17957969
4,77,,978.2588549433334,,,,,2008-04-01,17957969
4,78,,978.2588549433334,,,,,2008-04-01,17957969
4,79,,978.2588549433334,,,,,2008-04-01,17957969
4,84,,947.1361883333333,,,,,2008-04-01,17956121
4,85,,947.1361883333333,,,,,2008-04-01,17956121
4,86,,947.1361883333333,,,,,2008-04-01,17956121
4,87,,947.1361883333333,,,,,2008-04-01,17956121
4,88,,947.1361883333333,,,,,2008-04-01,17956121
4,90,,1893.8706366666665,,,,,2008-04-01,17956161
4,91,,1865.1556613333335,,,,,2008-04-01,17956107
4,92,,1865.1556613333335,,,,,2008-04-01,17956107
4,93,,1865.1556613333335,,,,,2008-04-01,17956107
4,94,,1865.1556613333335,,,,,2008-04-01,17956107
4,95,,1865.1556613333335,,,,,2008-04-01,17956107
4,96,,1865.1556613333335,,,,,2008-04-01,17956107
4,97,,1865.1556613333335,,,,,2008-04-01,17956107
4,98,,1865.1556613333335,,,,,2008-04-01,17956107
4,99,,1865.1556613333335,,,,,2008-04-01,17956107
4,100,,1865.1556613333335,,,,,2008-04-01,17956107
4,101,,1817.9480199999998,,,,,2008-04-01,17956091
4,102,,278.63841,,,,,2008-04-01,17956151
4,103,,278.63841,,,,,2008-04-01,17956151
4,104,,2186.219129541667,,,,,2008-04-01,17956169
4,105,,2186.219129541667,,,,,2008-04-01,17956169
4,106,,2186.219129541667,,,,,2008-04-01,17956169
4,107,,2186.219129541667,,,,,2008-04-01,17956169
4,110,,371.34639999999996,,,,,2008-04-01,17957955
4,111,,1906.011875,,,,,2008-04-01,17957983
4,112,,1906.011875,,,,,2008-04-01,17957983
4,113,,1906.011875,,,,,2008-04-01,17957983
4,114,,1906.011875,,,,,2008-04-01,17957983
4,115,,11348.010751111111,,,,,2008-04-01,17956813
4,116,,11348.010751111111,,,,,2008-04-01,17956813
4,117,,11348.010751111111,,,,,2008-04-01,17956813
4,120,,141.1442111111111,,,,,2008-04-01,17958269
4,121,,141.1442111111111,,,,,2008-04-01,17958269
4,122,,141.1442111111111,,,,,2008-04-01,17958269
4,124,,11158.795121666666,,,,,2008-04-01,17958265
4,126,,8732.827242033334,,,,,2008-04-01,17956335
4,127,,5275.954733333333,,,,,2008-04-01,17956705
4,128,,270.89248000000003,,,,,2008-04-01,17958031
4,129,,270.89248000000003,,,,,2008-04-01,17958031
4,130,,270.89248000000003,,,,,2008-04-01,17958031
4,131,,270.89248000000003,,,,,2008-04-01,17958031
4,132,,270.89248000000003,,,,,2008-04-01,17958031
4,133,,878.5007333333333,,,,,2008-04-01,17958025
4,134,,878.5007333333333,,,,,2008-04-01,17958025
4,135,,878.5007333333333,,,,,2008-04-01,17958025
4,136,,878.5007333333333,,,,,2008-04-01,17958025
4,137,,878.5007333333333,,,,,2008-04-01,17958025
4,138,,3530.9318333333335,,,,,2008-04-01,17958237
4,141,,810.0825,,,,,2008-04-01,17958241
4,142,,798.34245,,,,,2008-04-01,17956823
4,143,,798.34245,,,,,2008-04-01,17956823
4,144,,31342.609461233333,,,,,2008-04-01,17956827
4,149,,11181.016375,,,,,2008-04-01,17955371
4,150,,1087.0799683333332,,,,,2008-04-01,17958205
4,151,,1087.0799683333332,,,,,2008-04-01,17958205
4,152,,1087.0799683333332,,,,,2008-04-01,17958205
4,153,,11863.284991266668,,,,,2008-04-01,18022250
4,154,,4960.476912499999,,,,,2008-04-01,18046688
4,155,,4960.476912499999,,,,,2008-04-01,18046688
4,156,,4182.595862808334,,,,,2008-04-01,17955487
4,157,,4182.595862808334,,,,,2008-04-01,17955487
4,158,,523.6675,,,,,2008-04-01,17956199
4,160,,3421.823052670392,,,,,2008-04-01,17956869
4,161,,3421.823052670392,,,,,2008-04-01,17956869
4,162,,3421.823052670392,,,,,2008-04-01,17956869
4,163,,3421.823052670392,,,,,2008-04-01,17956869
4,165,,2270.218066666667,,,,,2008-04-01,17956913
4,166,,2270.218066666667,,,,,2008-04-01,17956913
4,167,,2270.218066666667,,,,,2008-04-01,17956913
4,168,,2270.218066666667,,,,,2008-04-01,17956913
4,169,,2270.218066666667,,,,,2008-04-01,17956913
4,172,,5404.029669666666,,,,,2008-04-01,17956955
4,173,,5404.029669666666,,,,,2008-04-01,17956955
4,174,,5404.029669666666,,,,,2008-04-01,17956955
4,175,,5404.029669666666,,,,,2008-04-01,17956955
4,176,,345.213,,,,,2008-04-01,17956961
4,177,,345.213,,,,,2008-04-01,17956961
4,178,,293.03568666666666,,,,,2008-04-01,17957815
4,179,,293.03568666666666,,,,,2008-04-01,17957815
4,180,,293.03568666666666,,,,,2008-04-01,17957815
4,181,,293.03568666666666,,,,,2008-04-01,17957815
4,182,,293.03568666666666,,,,,2008-04-01,17957815
4,183,,293.03568666666666,,,,,2008-04-01,17957815
4,184,,2459.66662,,,,,2008-04-01,17958207
4,185,,5813.683166666667,,,,,2008-04-01,18022216
4,188,,263.04765754761905,,,,,2008-04-01,18047170
4,189,,263.04765754761905,,,,,2008-04-01,18047170
4,190,,263.04765754761905,,,,,2008-04-01,18047170
4,191,,263.04765754761905,,,,,2008-04-01,18047170
4,192,,263.04765754761905,,,,,2008-04-01,18047170
4,193,,263.04765754761905,,,,,2008-04-01,18047170
4,194,,263.04765754761905,,,,,2008-04-01,18047170
4,195,26436558.596666664,,18047162,estimated,0.0,6.0,2008-04-01,18046670
5,1,,2677.712418888889,,,,,2008-10-01,17955471
5,2,,2677.712418888889,,,,,2008-10-01,17955471
5,3,,2677.712418888889,,,,,2008-10-01,17955471
5,4,,768.8918311111111,,,,,2008-10-01,17955445
5,5,,768.8918311111111,,,,,2008-10-01,17955445
5,6,,768.8918311111111,,,,,2008-10-01,17955445
5,9,,471.77740000000006,,,,,2008-10-01,17957809
5,10,,471.77740000000006,,,,,2008-10-01,17957809
5,13,,658.4933733333334,,,,,2008-10-01,17955543
5,14,,305.62968,,,,,2008-10-01,17979087
5,15,,396.4536033333333,,,,,2008-10-01,17955663
5,16,,396.4536033333333,,,,,2008-10-01,17955663
5,17,,396.4536033333333,,,,,2008-10-01,17955663
5,18,,396.4536033333333,,,,,2008-10-01,17955663
5,19,,396.4536033333333,,,,,2008-10-01,17955663
5,22,,268.21708,,,,,2008-10-01,17979089
5,23,,253.45356666666666,,,,,2008-10-01,17955739
5,24,,305.62968,,,,,2008-10-01,17958139
5,25,,4707.161367999999,,,,,2008-10-01,17955893
5,26,,4707.161367999999,,,,,2008-10-01,17955893
5,27,,4707.161367999999,,,,,2008-10-01,17955893
5,28,,4707.161367999999,,,,,2008-10-01,17955893
5,29,,4707.161367999999,,,,,2008-10-01,17955893
5,30,,253.45356666666666,,,,,2008-10-01,938030572
5,31,,253.45356666666666,,,,,2008-10-01,938030572
5,32,31847574.813333333,361.9534141666667,17958153,estimated,0.0,6.0,2008-10-01,17958153
5,33,,361.9534141666667,,,,,2008-10-01,17958153
5,34,,361.9534141666667,,,,,2008-10-01,17958153
5,35,,361.9534141666667,,,,,2008-10-01,17958153
5,36,,473.24340416666666,,,,,2008-10-01,17955879
5,37,,473.24340416666666,,,,,2008-10-01,17955879
5,38,,3203.0725714666664,,,,,2008-10-01,17955835
5,39,,144.64315555555555,,,,,2008-10-01,17957903
5,40,,144.64315555555555,,,,,2008-10-01,17957903
5,41,,144.64315555555555,,,,,2008-10-01,17957903
5,42,,144.64315555555555,,,,,2008-10-01,17957903
5,43,,144.64315555555555,,,,,2008-10-01,17957903
5,44,,144.64315555555555,,,,,2008-10-01,17957903
5,45,,1123.9794958333332,,,,,2008-10-01,17955819
5,46,,1123.9794958333332,,,,,2008-10-01,17955819
5,47,,1123.9794958333332,,,,,2008-10-01,17955819
5,48,,1123.9794958333332,,,,,2008-10-01,17955819
5,49,,5416.294620833333,,,,,2008-10-01,17955821
5,50,,5416.294620833333,,,,,2008-10-01,17955821
5,52,,1057.9706410333333,,,,,2008-10-01,17955907
5,53,,1057.9706410333333,,,,,2008-10-01,17955907
5,54,,334.83038124999996,,,,,2008-10-01,17955933
5,55,,334.83038124999996,,,,,2008-10-01,17955933
5,56,,334.83038124999996,,,,,2008-10-01,17955933
5,57,,334.83038124999996,,,,,2008-10-01,17955933
5,58,,334.83038124999996,,,,,2008-10-01,17955933
5,59,,334.83038124999996,,,,,2008-10-01,17955933
5,60,,334.83038124999996,,,,,2008-10-01,17955933
5,61,,334.83038124999996,,,,,2008-10-01,17955933
5,62,,690.4565000000001,,,,,2008-10-01,17955905
5,63,,690.4565000000001,,,,,2008-10-01,17955905
5,64,,690.4565000000001,,,,,2008-10-01,17955905
5,65,,394.1489166666667,,,,,2008-10-01,17955829
5,66,,729.9855833333332,,,,,2008-10-01,17955969
5,67,,729.9855833333332,,,,,2008-10-01,17955969
5,70,,2102.943947777778,,,,,2008-10-01,17955973
5,71,,2102.943947777778,,,,,2008-10-01,17955973
5,72,,2102.943947777778,,,,,2008-10-01,17955973
5,75,,801.9027600000001,,,,,2008-10-01,17957969
5,76,,801.9027600000001,,,,,2008-10-01,17957969
5,77,,801.9027600000001,,,,,2008-10-01,17957969
5,78,,801.9027600000001,,,,,2008-10-01,17957969
5,79,,801.9027600000001,,,,,2008-10-01,17957969
5,84,,728.9992666666666,,,,,2008-10-01,17956121
5,85,,728.9992666666666,,,,,2008-10-01,17956121
5,86,,728.9992666666666,,,,,2008-10-01,17956121
5,87,,728.9992666666666,,,,,2008-10-01,17956121
5,88,,728.9992666666666,,,,,2008-10-01,17956121
5,90,,1778.171833333333,,,,,2008-10-01,17956161
5,91,,1218.7705888333335,,,,,2008-10-01,17956107
5,92,,1218.7705888333335,,,,,2008-10-01,17956107
5,93,,1218.7705888333335,,,,,2008-10-01,17956107
5,94,,1218.7705888333335,,,,,2008-10-01,17956107
5,95,,1218.7705888333335,,,,,2008-10-01,17956107
5,96,,1218.7705888333335,,,,,2008-10-01,17956107
5,97,,1218.7705888333335,,,,,2008-10-01,17956107
5,98,,1218.7705888333335,,,,,2008-10-01,17956107
5,99,,1218.7705888333335,,,,,2008-10-01,17956107
5,100,,1218.7705888333335,,,,,2008-10-01,17956107
5,101,,1044.7268333333334,,,,,2008-10-01,17956091
5,102,,454.8693125,,,,,2008-10-01,17956151
5,103,,454.8693125,,,,,2008-10-01,17956151
5,104,,1335.8404791666667,,,,,2008-10-01,17956169
5,105,,1335.8404791666667,,,,,2008-10-01,17956169
5,106,,1335.8404791666667,,,,,2008-10-01,17956169
5,107,,1335.8404791666667,,,,,2008-10-01,17956169
5,110,,2348.4455,,,,,2008-10-01,17957955
5,111,,2100.5108333333333,,,,,2008-10-01,17957983
5,112,,2100.5108333333333,,,,,2008-10-01,17957983
5,113,,2100.5108333333333,,,,,2008-10-01,17957983
5,114,,2100.5108333333333,,,,,2008-10-01,17957983
5,115,,9991.776355555556,,,,,2008-10-01,17956813
5,116,,9991.776355555556,,,,,2008-10-01,17956813
5,117,,9991.776355555556,,,,,2008-10-01,17956813
5,120,,111.20366666666668,,,,,2008-10-01,17958269
5,121,,111.20366666666668,,,,,2008-10-01,17958269
5,122,,111.20366666666668,,,,,2008-10-01,17958269
5,124,,7724.645274466668,,,,,2008-10-01,17958265
5,126,,4515.200835833333,,,,,2008-10-01,17956335
5,127,,4574.129125,,,,,2008-10-01,17956705
5,128,,312.7180933333333,,,,,2008-10-01,17958031
5,129,,312.7180933333333,,,,,2008-10-01,17958031
5,130,,312.7180933333333,,,,,2008-10-01,17958031
5,131,,312.7180933333333,,,,,2008-10-01,17958031
5,132,,312.7180933333333,,,,,2008-10-01,17958031
5,133,,485.59229999999997,,,,,2008-10-01,17958025
5,134,,485.59229999999997,,,,,2008-10-01,17958025
5,135,,485.59229999999997,,,,,2008-10-01,17958025
5,136,,485.59229999999997,,,,,2008-10-01,17958025
5,137,,485.59229999999997,,,,,2008-10-01,17958025
5,138,,3075.2566666666667,,,,,2008-10-01,17958237
5,141,,193.4428,,,,,2008-10-01,17958241
5,142,,441.71089166666667,,,,,2008-10-01,17956823
5,143,,441.71089166666667,,,,,2008-10-01,17956823
5,144,,18622.396675316668,,,,,2008-10-01,17956827
5,149,,5876.106548666667,,,,,2008-10-01,17955371
5,150,,594.5988888888888,,,,,2008-10-01,17958205
5,151,,594.5988888888888,,,,,2008-10-01,17958205
5,152,,594.5988888888888,,,,,2008-10-01,17958205
5,153,,8832.755469833333,,,,,2008-10-01,18022250
5,154,,3969.12295,,,,,2008-10-01,18046688
5,155,,3969.12295,,,,,2008-10-01,18046688
5,156,,2011.7688650533332,,,,,2008-10-01,17955487
5,157,,2011.7688650533332,,,,,2008-10-01,17955487
5,158,,307.66551666666663,,,,,2008-10-01,17956199
5,160,,2292.4602583333335,,,,,2008-10-01,17956869
5,161,,2292.4602583333335,,,,,2008-10-01,17956869
5,162,,2292.4602583333335,,,,,2008-10-01,17956869
5,163,,2292.4602583333335,,,,,2008-10-01,17956869
5,165,,1984.6649999999997,,,,,2008-10-01,17956913
5,166,,1984.6649999999997,,,,,2008-10-01,17956913
5,167,,1984.6649999999997,,,,,2008-10-01,17956913
5,168,,1984.6649999999997,,,,,2008-10-01,17956913
5,169,,1984.6649999999997,,,,,2008-10-01,17956913
5,172,,3120.5456139999997,,,,,2008-10-01,17956955
5,173,,3120.5456139999997,,,,,2008-10-01,17956955
5,174,,3120.5456139999997,,,,,2008-10-01,17956955
5,175,,3120.5456139999997,,,,,2008-10-01,17956955
5,176,,197.09796916666667,,,,,2008-10-01,17956961
5,177,,197.09796916666667,,,,,2008-10-01,17956961
5,178,,120.64407588888889,,,,,2008-10-01,17957815
5,179,,120.64407588888889,,,,,2008-10-01,17957815
5,180,,120.64407588888889,,,,,2008-10-01,17957815
5,181,,120.64407588888889,,,,,2008-10-01,17957815
5,182,,120.64407588888889,,,,,2008-10-01,17957815
5,183,,120.64407588888889,,,,,2008-10-01,17957815
5,184,,1255.0170666666668,,,,,2008-10-01,17958207
5,185,,6712.283333333334,,,,,2008-10-01,18022216
5,188,,263.28609523809524,,,,,2008-10-01,18047170
5,189,,263.28609523809524,,,,,2008-10-01,18047170
5,190,,263.28609523809524,,,,,2008-10-01,18047170
5,191,,263.28609523809524,,,,,2008-10-01,18047170
5,192,,263.28609523809524,,,,,2008-10-01,18047170
5,193,,263.28609523809524,,,,,2008-10-01,18047170
5,194,,263.28609523809524,,,,,2008-10-01,18047170
5,195,20820467.076666668,,18047162,estimated,0.0,6.0,2008-10-01,18046670
6,1,,6489.584449999999,,,,,2009-04-01,17955471
6,2,,6489.584449999999,,,,,2009-04-01,17955471
6,3,,6489.584449999999,,,,,2009-04-01,17955471
6,4,,2564.5171444444445,,,,,2009-04-01,17955445
6,5,,2564.5171444444445,,,,,2009-04-01,17955445
6,6,,2564.5171444444445,,,,,2009-04-01,17955445
6,9,,2007.604475,,,,,2009-04-01,17957809
6,10,,2007.604475,,,,,2009-04-01,17957809
6,13,,2436.942233333333,,,,,2009-04-01,17955543
6,14,,1192.6357843333333,,,,,2009-04-01,17979087
6,15,,1994.4441666666667,,,,,2009-04-01,17955663
6,16,,1994.4441666666667,,,,,2009-04-01,17955663
6,17,,1994.4441666666667,,,,,2009-04-01,17955663
6,18,,1994.4441666666667,,,,,2009-04-01,17955663
6,19,,1994.4441666666667,,,,,2009-04-01,17955663
6,22,,1192.6357843333333,,,,,2009-04-01,17979089
6,23,,1529.8062583333333,,,,,2009-04-01,17955739
6,24,,1192.6357843333333,,,,,2009-04-01,17958139
6,25,,13858.094212333333,,,,,2009-04-01,17955893
6,26,,13858.094212333333,,,,,2009-04-01,17955893
6,27,,13858.094212333333,,,,,2009-04-01,17955893
6,28,,13858.094212333333,,,,,2009-04-01,17955893
6,29,,13858.094212333333,,,,,2009-04-01,17955893
6,30,,1529.8062583333333,,,,,2009-04-01,938030572
6,31,,1529.8062583333333,,,,,2009-04-01,938030572
6,32,35684613.04333333,1854.4735458333334,17958153,estimated,0.0,6.0,2009-04-01,17958153
6,33,,1854.4735458333334,,,,,2009-04-01,17958153
6,34,,1854.4735458333334,,,,,2009-04-01,17958153
6,35,,1854.4735458333334,,,,,2009-04-01,17958153
6,36,,1421.7833935,,,,,2009-04-01,17955879
6,37,,1421.7833935,,,,,2009-04-01,17955879
6,38,,17240.283975,,,,,2009-04-01,17955835
6,39,,704.6481888888889,,,,,2009-04-01,17957903
6,40,,704.6481888888889,,,,,2009-04-01,17957903
6,41,,704.6481888888889,,,,,2009-04-01,17957903
6,42,,704.6481888888889,,,,,2009-04-01,17957903
6,43,,704.6481888888889,,,,,2009-04-01,17957903
6,44,,704.6481888888889,,,,,2009-04-01,17957903
6,45,,2952.0024500416666,,,,,2009-04-01,17955819
6,46,,2952.0024500416666,,,,,2009-04-01,17955819
6,47,,2952.0024500416666,,,,,2009-04-01,17955819
6,48,,2952.0024500416666,,,,,2009-04-01,17955819
6,49,,13580.528926666666,,,,,2009-04-01,17955821
6,50,,13580.528926666666,,,,,2009-04-01,17955821
6,52,,3307.3344841666667,,,,,2009-04-01,17955907
6,53,,3307.3344841666667,,,,,2009-04-01,17955907
6,54,,1551.3618604166668,,,,,2009-04-01,17955933
6,55,,1551.3618604166668,,,,,2009-04-01,17955933
6,56,,1551.3618604166668,,,,,2009-04-01,17955933
6,57,,1551.3618604166668,,,,,2009-04-01,17955933
6,58,,1551.3618604166668,,,,,2009-04-01,17955933
6,59,,1551.3618604166668,,,,,2009-04-01,17955933
6,60,,1551.3618604166668,,,,,2009-04-01,17955933
6,61,,1551.3618604166668,,,,,2009-04-01,17955933
6,62,,1602.898388888889,,,,,2009-04-01,17955905
6,63,,1602.898388888889,,,,,2009-04-01,17955905
6,64,,1602.898388888889,,,,,2009-04-01,17955905
6,65,,1496.9560740333334,,,,,2009-04-01,17955829
6,66,,2420.045675,,,,,2009-04-01,17955969
6,67,,2420.045675,,,,,2009-04-01,17955969
6,70,,6233.499362222222,,,,,2009-04-01,17955973
6,71,,6233.499362222222,,,,,2009-04-01,17955973
6,72,,6233.499362222222,,,,,2009-04-01,17955973
6,75,,3096.909753,,,,,2009-04-01,17957969
6,76,,3096.909753,,,,,2009-04-01,17957969
6,77,,3096.909753,,,,,2009-04-01,17957969
6,78,,3096.909753,,,,,2009-04-01,17957969
6,79,,3096.909753,,,,,2009-04-01,17957969
6,84,,2749.557513333333,,,,,2009-04-01,17956121
6,85,,2749.557513333333,,,,,2009-04-01,17956121
6,86,,2749.557513333333,,,,,2009-04-01,17956121
6,87,,2749.557513333333,,,,,2009-04-01,17956121
6,88,,2749.557513333333,,,,,2009-04-01,17956121
6,90,,6035.295833333333,,,,,2009-04-01,17956161
6,91,,4167.732103166667,,,,,2009-04-01,17956107
6,92,,4167.732103166667,,,,,2009-04-01,17956107
6,93,,4167.732103166667,,,,,2009-04-01,17956107
6,94,,4167.732103166667,,,,,2009-04-01,17956107
6,95,,4167.732103166667,,,,,2009-04-01,17956107
6,96,,4167.732103166667,,,,,2009-04-01,17956107
6,97,,4167.732103166667,,,,,2009-04-01,17956107
6,98,,4167.732103166667,,,,,2009-04-01,17956107
6,99,,4167.732103166667,,,,,2009-04-01,17956107
6,100,,4167.732103166667,,,,,2009-04-01,17956107
6,101,,2993.9071480833336,,,,,2009-04-01,17956091
6,102,,1720.3030402499999,,,,,2009-04-01,17956151
6,103,,1720.3030402499999,,,,,2009-04-01,17956151
6,104,,4656.298966666667,,,,,2009-04-01,17956169
6,105,,4656.298966666667,,,,,2009-04-01,17956169
6,106,,4656.298966666667,,,,,2009-04-01,17956169
6,107,,4656.298966666667,,,,,2009-04-01,17956169
6,110,,5216.9428333333335,,,,,2009-04-01,17957955
6,111,,3681.721125,,,,,2009-04-01,17957983
6,112,,3681.721125,,,,,2009-04-01,17957983
6,113,,3681.721125,,,,,2009-04-01,17957983
6,114,,3681.721125,,,,,2009-04-01,17957983
6,115,,20106.760608333334,,,,,2009-04-01,17956813
6,116,,20106.760608333334,,,,,2009-04-01,17956813
6,117,,20106.760608333334,,,,,2009-04-01,17956813
6,120,,425.6329686666666,,,,,2009-04-01,17958269
6,121,,425.6329686666666,,,,,2009-04-01,17958269
6,122,,425.6329686666666,,,,,2009-04-01,17958269
6,124,,20164.031698000003,,,,,2009-04-01,17958265
6,126,,13214.629666033332,,,,,2009-04-01,17956335
6,127,,9728.368793268333,,,,,2009-04-01,17956705
6,128,,1060.5188666666668,,,,,2009-04-01,17958031
6,129,,1060.5188666666668,,,,,2009-04-01,17958031
6,130,,1060.5188666666668,,,,,2009-04-01,17958031
6,131,,1060.5188666666668,,,,,2009-04-01,17958031
6,132,,1060.5188666666668,,,,,2009-04-01,17958031
6,133,,626.2713985333332,,,,,2009-04-01,17958025
6,134,,626.2713985333332,,,,,2009-04-01,17958025
6,135,,626.2713985333332,,,,,2009-04-01,17958025
6,136,,626.2713985333332,,,,,2009-04-01,17958025
6,137,,626.2713985333332,,,,,2009-04-01,17958025
6,138,,4237.118333333333,,,,,2009-04-01,17958237
6,141,,685.2716700000001,,,,,2009-04-01,17958241
6,142,,1540.7369583333336,,,,,2009-04-01,17956823
6,143,,1540.7369583333336,,,,,2009-04-01,17956823
6,144,,55410.119598866666,,,,,2009-04-01,17956827
6,149,,23053.925750000002,,,,,2009-04-01,17955371
6,150,,1729.7257011111112,,,,,2009-04-01,17958205
6,151,,1729.7257011111112,,,,,2009-04-01,17958205
6,152,,1729.7257011111112,,,,,2009-04-01,17958205
6,153,,23054.86506235,,,,,2009-04-01,18022250
6,154,,8859.917075,,,,,2009-04-01,18046688
6,155,,8859.917075,,,,,2009-04-01,18046688
6,156,,3900.3179916666663,,,,,2009-04-01,17955487
6,157,,3900.3179916666663,,,,,2009-04-01,17955487
6,158,,1147.14549465,,,,,2009-04-01,17956199
6,160,,4230.997996708334,,,,,2009-04-01,17956869
6,161,,4230.997996708334,,,,,2009-04-01,17956869
6,162,,4230.997996708334,,,,,2009-04-01,17956869
6,163,,4230.997996708334,,,,,2009-04-01,17956869
6,165,,2920.2206666666666,,,,,2009-04-01,17956913
6,166,,2920.2206666666666,,,,,2009-04-01,17956913
6,167,,2920.2206666666666,,,,,2009-04-01,17956913
6,168,,2920.2206666666666,,,,,2009-04-01,17956913
6,169,,2920.2206666666666,,,,,2009-04-01,17956913
6,172,,5223.6643100833335,,,,,2009-04-01,17956955
6,173,,5223.6643100833335,,,,,2009-04-01,17956955
6,174,,5223.6643100833335,,,,,2009-04-01,17956955
6,175,,5223.6643100833335,,,,,2009-04-01,17956955
6,176,,718.2867241666667,,,,,2009-04-01,17956961
6,177,,718.2867241666667,,,,,2009-04-01,17956961
6,178,,617.589388888889,,,,,2009-04-01,17957815
6,179,,617.589388888889,,,,,2009-04-01,17957815
6,180,,617.589388888889,,,,,2009-04-01,17957815
6,181,,617.589388888889,,,,,2009-04-01,17957815
6,182,,617.589388888889,,,,,2009-04-01,17957815
6,183,,617.589388888889,,,,,2009-04-01,17957815
6,184,,4292.018696,,,,,2009-04-01,17958207
6,185,,9192.076666666666,,,,,2009-04-01,18022216
6,188,,492.55159261904765,,,,,2009-04-01,18047170
6,189,,492.55159261904765,,,,,2009-04-01,18047170
6,190,,492.55159261904765,,,,,2009-04-01,18047170
6,191,,492.55159261904765,,,,,2009-04-01,18047170
6,192,,492.55159261904765,,,,,2009-04-01,18047170
6,193,,492.55159261904765,,,,,2009-04-01,18047170
6,194,,492.55159261904765,,,,,2009-04-01,18047170
6,195,29134633.996666666,,18047162,estimated,0.0,6.0,2009-04-01,18046670
7,1,,5358.225666666666,,,,,2009-10-01,17955471
7,2,,5358.225666666666,,,,,2009-10-01,17955471
7,3,,5358.225666666666,,,,,2009-10-01,17955471
7,4,,2041.2381444444445,,,,,2009-10-01,17955445
7,5,,2041.2381444444445,,,,,2009-10-01,17955445
7,6,,2041.2381444444445,,,,,2009-10-01,17955445
7,9,,1825.0955000000001,,,,,2009-10-01,17957809
7,10,,1825.0955000000001,,,,,2009-10-01,17957809
7,13,,2065.413,,,,,2009-10-01,17955543
7,14,,991.3629,,,,,2009-10-01,17979087
7,15,,1610.8394,,,,,2009-10-01,17955663
7,16,,1610.8394,,,,,2009-10-01,17955663
7,17,,1610.8394,,,,,2009-10-01,17955663
7,18,,1610.8394,,,,,2009-10-01,17955663
7,19,,1610.8394,,,,,2009-10-01,17955663
7,22,,991.3629,,,,,2009-10-01,17979089
7,23,,942.5180666666666,,,,,2009-10-01,17955739
7,24,,991.3629,,,,,2009-10-01,17958139
7,25,,9772.82972,,,,,2009-10-01,17955893
7,26,,9772.82972,,,,,2009-10-01,17955893
7,27,,9772.82972,,,,,2009-10-01,17955893
7,28,,9772.82972,,,,,2009-10-01,17955893
7,29,,9772.82972,,,,,2009-10-01,17955893
7,30,,942.5180666666666,,,,,2009-10-01,938030572
7,31,,942.5180666666666,,,,,2009-10-01,938030572
7,32,50284903.90166666,1335.72325,17958153,estimated,0.0,6.0,2009-10-01,17958153
7,33,,1335.72325,,,,,2009-10-01,17958153
7,34,,1335.72325,,,,,2009-10-01,17958153
7,35,,1335.72325,,,,,2009-10-01,17958153
7,36,,1003.2954153333333,,,,,2009-10-01,17955879
7,37,,1003.2954153333333,,,,,2009-10-01,17955879
7,38,,11495.392733333334,,,,,2009-10-01,17955835
7,39,,427.2009444444445,,,,,2009-10-01,17957903
7,40,,427.2009444444445,,,,,2009-10-01,17957903
7,41,,427.2009444444445,,,,,2009-10-01,17957903
7,42,,427.2009444444445,,,,,2009-10-01,17957903
7,43,,427.2009444444445,,,,,2009-10-01,17957903
7,44,,427.2009444444445,,,,,2009-10-01,17957903
7,45,,2280.79975,,,,,2009-10-01,17955819
7,46,,2280.79975,,,,,2009-10-01,17955819
7,47,,2280.79975,,,,,2009-10-01,17955819
7,48,,2280.79975,,,,,2009-10-01,17955819
7,49,,10629.159,,,,,2009-10-01,17955821
7,50,,10629.159,,,,,2009-10-01,17955821
7,52,,3082.7233166666665,,,,,2009-10-01,17955907
7,53,,3082.7233166666665,,,,,2009-10-01,17955907
7,54,,1013.6337083333333,,,,,2009-10-01,17955933
7,55,,1013.6337083333333,,,,,2009-10-01,17955933
7,56,,1013.6337083333333,,,,,2009-10-01,17955933
7,57,,1013.6337083333333,,,,,2009-10-01,17955933
7,58,,1013.6337083333333,,,,,2009-10-01,17955933
7,59,,1013.6337083333333,,,,,2009-10-01,17955933
7,60,,1013.6337083333333,,,,,2009-10-01,17955933
7,61,,1013.6337083333333,,,,,2009-10-01,17955933
7,62,,1229.4214444444447,,,,,2009-10-01,17955905
7,63,,1229.4214444444447,,,,,2009-10-01,17955905
7,64,,1229.4214444444447,,,,,2009-10-01,17955905
7,65,,998.2222,,,,,2009-10-01,17955829
7,66,,1665.3890000000001,,,,,2009-10-01,17955969
7,67,,1665.3890000000001,,,,,2009-10-01,17955969
7,70,,4668.504866666666,,,,,2009-10-01,17955973
7,71,,4668.504866666666,,,,,2009-10-01,17955973
7,72,,4668.504866666666,,,,,2009-10-01,17955973
7,75,,2296.691846666667,,,,,2009-10-01,17957969
7,76,,2296.691846666667,,,,,2009-10-01,17957969
7,77,,2296.691846666667,,,,,2009-10-01,17957969
7,78,,2296.691846666667,,,,,2009-10-01,17957969
7,79,,2296.691846666667,,,,,2009-10-01,17957969
7,84,,1906.2843333333335,,,,,2009-10-01,17956121
7,85,,1906.2843333333335,,,,,2009-10-01,17956121
7,86,,1906.2843333333335,,,,,2009-10-01,17956121
7,87,,1906.2843333333335,,,,,2009-10-01,17956121
7,88,,1906.2843333333335,,,,,2009-10-01,17956121
7,90,,5793.194333333333,,,,,2009-10-01,17956161
7,91,,3306.383576666667,,,,,2009-10-01,17956107
7,92,,3306.383576666667,,,,,2009-10-01,17956107
7,93,,3306.383576666667,,,,,2009-10-01,17956107
7,94,,3306.383576666667,,,,,2009-10-01,17956107
7,95,,3306.383576666667,,,,,2009-10-01,17956107
7,96,,3306.383576666667,,,,,2009-10-01,17956107
7,97,,3306.383576666667,,,,,2009-10-01,17956107
7,98,,3306.383576666667,,,,,2009-10-01,17956107
7,99,,3306.383576666667,,,,,2009-10-01,17956107
7,100,,3306.383576666667,,,,,2009-10-01,17956107
7,101,,1996.448,,,,,2009-10-01,17956091
7,102,,1594.5257333333334,,,,,2009-10-01,17956151
7,103,,1594.5257333333334,,,,,2009-10-01,17956151
7,104,,3391.65425,,,,,2009-10-01,17956169
7,105,,3391.65425,,,,,2009-10-01,17956169
7,106,,3391.65425,,,,,2009-10-01,17956169
7,107,,3391.65425,,,,,2009-10-01,17956169
7,110,,5707.44,,,,,2009-10-01,17957955
7,111,,4185.073333333333,,,,,2009-10-01,17957983
7,112,,4185.073333333333,,,,,2009-10-01,17957983
7,113,,4185.073333333333,,,,,2009-10-01,17957983
7,114,,4185.073333333333,,,,,2009-10-01,17957983
7,115,,18345.62488888889,,,,,2009-10-01,17956813
7,116,,18345.62488888889,,,,,2009-10-01,17956813
7,117,,18345.62488888889,,,,,2009-10-01,17956813
7,120,,315.61825555555555,,,,,2009-10-01,17958269
7,121,,315.61825555555555,,,,,2009-10-01,17958269
7,122,,315.61825555555555,,,,,2009-10-01,17958269
7,124,,17257.864040666667,,,,,2009-10-01,17958265
7,126,,11566.787866666666,,,,,2009-10-01,17956335
7,127,,9742.938933333333,,,,,2009-10-01,17956705
7,128,,1084.516,,,,,2009-10-01,17958031
7,129,,1084.516,,,,,2009-10-01,17958031
7,130,,1084.516,,,,,2009-10-01,17958031
7,131,,1084.516,,,,,2009-10-01,17958031
7,132,,1084.516,,,,,2009-10-01,17958031
7,133,,667.0636,,,,,2009-10-01,17958025
7,134,,667.0636,,,,,2009-10-01,17958025
7,135,,667.0636,,,,,2009-10-01,17958025
7,136,,667.0636,,,,,2009-10-01,17958025
7,137,,667.0636,,,,,2009-10-01,17958025
7,138,,5605.996666666667,,,,,2009-10-01,17958237
7,141,,359.694,,,,,2009-10-01,17958241
7,142,,1948.5391666666667,,,,,2009-10-01,17956823
7,143,,1948.5391666666667,,,,,2009-10-01,17956823
7,144,,55943.72183333334,,,,,2009-10-01,17956827
7,149,,16088.718433333333,,,,,2009-10-01,17955371
7,150,,1534.405222222222,,,,,2009-10-01,17958205
7,151,,1534.405222222222,,,,,2009-10-01,17958205
7,152,,1534.405222222222,,,,,2009-10-01,17958205
7,153,,14597.417718333334,,,,,2009-10-01,18022250
7,154,,7048.0543333333335,,,,,2009-10-01,18046688
7,155,,7048.0543333333335,,,,,2009-10-01,18046688
7,156,,3070.6136666666666,,,,,2009-10-01,17955487
7,157,,3070.6136666666666,,,,,2009-10-01,17955487
7,158,,926.3432666666668,,,,,2009-10-01,17956199
7,160,,5651.983566666667,,,,,2009-10-01,17956869
7,161,,5651.983566666667,,,,,2009-10-01,17956869
7,162,,5651.983566666667,,,,,2009-10-01,17956869
7,163,,5651.983566666667,,,,,2009-10-01,17956869
7,165,,3841.9193333333337,,,,,2009-10-01,17956913
7,166,,3841.9193333333337,,,,,2009-10-01,17956913
7,167,,3841.9193333333337,,,,,2009-10-01,17956913
7,168,,3841.9193333333337,,,,,2009-10-01,17956913
7,169,,3841.9193333333337,,,,,2009-10-01,17956913
7,172,,6262.658975,,,,,2009-10-01,17956955
7,173,,6262.658975,,,,,2009-10-01,17956955
7,174,,6262.658975,,,,,2009-10-01,17956955
7,175,,6262.658975,,,,,2009-10-01,17956955
7,176,,958.7146666666666,,,,,2009-10-01,17956961
7,177,,958.7146666666666,,,,,2009-10-01,17956961
7,178,,431.40844444444446,,,,,2009-10-01,17957815
7,179,,431.40844444444446,,,,,2009-10-01,17957815
7,180,,431.40844444444446,,,,,2009-10-01,17957815
7,181,,431.40844444444446,,,,,2009-10-01,17957815
7,182,,431.40844444444446,,,,,2009-10-01,17957815
7,183,,431.40844444444446,,,,,2009-10-01,17957815
7,184,,3570.5406666666668,,,,,2009-10-01,17958207
7,185,,7195.706666666666,,,,,2009-10-01,18022216
7,188,,315.7875666666667,,,,,2009-10-01,18047170
7,189,,315.7875666666667,,,,,2009-10-01,18047170
7,190,,315.7875666666667,,,,,2009-10-01,18047170
7,191,,315.7875666666667,,,,,2009-10-01,18047170
7,192,,315.7875666666667,,,,,2009-10-01,18047170
7,193,,315.7875666666667,,,,,2009-10-01,18047170
7,194,,315.7875666666667,,,,,2009-10-01,18047170
7,195,36470633.005,,18047162,estimated,0.0,6.0,2009-10-01,18046670
8,32,15484399.958333334,,17958153,estimated,0.0,6.0,2010-04-01,17958153
8,195,18002459.581666667,,18047162,estimated,0.0,6.0,2010-04-01,18046670
9,32,14145082.995,,17958153,estimated,0.0,6.0,2010-10-01,17958153
9,195,10874567.91,,18047162,estimated,0.0,6.0,2010-10-01,18046670
10,32,22910991.348333333,,17958153,estimated,0.0,6.0,2011-04-01,17958153
10,195,21163096.56833333,,18047162,estimated,0.0,6.0,2011-04-01,18046670
11,32,29219279.011666667,,17958153,estimated,0.0,6.0,2011-10-01,17958153
11,195,23296474.588333335,,18047162,estimated,0.0,6.0,2011-10-01,18046670
12,32,7190940.223333334,,17958153,estimated,0.0,6.0,2012-04-01,17958153
12,195,4356748.523333333,,18047162,estimated,0.0,6.0,2012-04-01,18046670
13,32,37300774.65166666,,17958153,estimated,0.0,6.0,2012-10-01,17958153
13,195,34501978.28,,18047162,estimated,0.0,6.0,2012-10-01,18046670
14,32,30620219.958333332,,17958153,estimated,0.0,6.0,2013-04-01,17958153
14,195,19530653.668333333,,18047162,estimated,0.0,6.0,2013-04-01,18046670
15,32,26075757.08666667,,17958153,estimated,0.0,6.0,2013-10-01,17958153
15,195,24459495.905,,18047162,estimated,0.0,6.0,2013-10-01,18046670
16,32,22049972.416666668,,17958153,estimated,0.0,6.0,2014-04-01,17958153
16,195,17918216.701666668,,18047162,estimated,0.0,6.0,2014-04-01,18046670
17,32,33198289.41333333,,17958153,estimated,0.0,6.0,2014-10-01,17958153
17,195,25848767.508333337,,18047162,estimated,0.0,6.0,2014-10-01,18046670
18,32,34644141.22666667,,17958153,estimated,0.0,6.0,2015-04-01,17958153
18,195,21168251.040000003,,18047162,estimated,0.0,6.0,2015-04-01,18046670
