,atotim,aEXTIN,aINFLOW,aFROMMVR,aGWF,aOUTFLOW,aEXTOUT,aTOMVR
0,2628000.0,185.0,1015.854877,224.4623993,6.392043521,-1015.854877,-195.9399951,-207.1303606
1,2803200.0,185.0,1015.855032,225.455446,6.392741321,-1015.855032,-196.9316265,-207.1310781
2,2978400.0,185.0,1015.85515,225.4551882,6.391906545,-1015.85515,-196.9315373,-207.1317443
3,3153600.0,185.0,1015.855225,225.4549011,6.391126743,-1015.855225,-196.9314124,-207.1323619
4,3328800.0,185.0,1015.855256,225.454588,6.390399309,-1015.855256,-196.9312554,-207.1329333
5,3504000.0,185.0,1015.855242,225.4542478,6.389721736,-1015.855242,-196.9310651,-207.133461
6,3679200.0,185.0,1015.855183,225.4538792,6.389091631,-1015.855183,-196.9308403,-207.1339472
7,3854400.0,185.0,1015.855079,225.4534811,6.388506723,-1015.855079,-196.9305802,-207.1343942
8,4029600.0,185.0,1015.85493,225.4530531,6.387964856,-1015.85493,-196.9302843,-207.134804
9,4204800.0,185.0,1015.854738,225.4525949,6.387463973,-1015.854738,-196.9299525,-207.1351784
10,4380000.0,185.0,1015.854502,225.4521065,6.387002116,-1015.854502,-196.9295849,-207.1355195
11,4555200.0,185.0,1015.877109,225.4628759,6.363771144,-1015.877109,-196.9632739,-207.1358309
12,4730400.0,185.0,1015.906993,225.4773538,6.333323106,-1015.906993,-197.007915,-207.1361157
13,4905600.0,185.0,1015.934682,225.490859,6.3051105,-1015.934682,-197.049373,-207.1363756
14,5080800.0,185.0,1015.96043,225.5034505,6.278871732,-1015.96043,-197.0879668,-207.1366119
15,5256000.0,185.0,1015.984332,225.5151699,6.254507426,-1015.984332,-197.1238364,-207.136826
16,5431200.0,185.0,1016.006319,224.7743692,6.230703573,-1016.006319,-196.4066818,-207.1369838
17,5606400.0,185.0,1016.026495,224.7837148,6.209741298,-1016.026495,-196.4368907,-207.1370828
18,5781600.0,185.0,1016.041143,224.7902217,6.194132212,-1016.041143,-196.4589644,-207.1371251
19,5956800.0,185.0,1016.043704,224.7906143,6.190415936,-1016.043704,-196.4630859,-207.1371125
20,6132000.0,185.0,1016.040945,224.7882288,6.191837421,-1016.040945,-196.4593443,-207.1370472
21,6307200.0,185.0,1016.035703,224.7844881,6.195574729,-1016.035703,-196.4519819,-207.1369315
22,6482400.0,185.0,1016.0292,224.7800145,6.200415511,-1016.0292,-196.4428313,-207.1367677
23,6657600.0,185.0,1016.022788,224.7754903,6.205022641,-1016.022788,-196.4339095,-207.1365582
24,6832800.0,185.0,1016.016477,224.7709324,6.209395871,-1016.016477,-196.4252315,-207.136305
25,7008000.0,185.0,1016.010263,224.7663439,6.213550355,-1016.010263,-196.416783,-207.1360105
26,7183200.0,185.0,1016.004139,224.7617266,6.217501241,-1016.004139,-196.4085489,-207.1356765
27,7358400.0,185.0,1015.9981,224.7570826,6.221261675,-1015.9981,-196.4005161,-207.1353048
28,7533600.0,185.0,1015.992141,224.7524134,6.224844411,-1015.992141,-196.392672,-207.1348971
29,7708800.0,185.0,1015.986257,224.7477204,6.228261388,-1015.986257,-196.385004,-207.134455
30,7884000.0,185.0,1015.980444,224.7430046,6.23152379,-1015.980444,-196.3775009,-207.13398
31,8059200.0,185.0,1015.974696,224.9886666,6.235042505,-1015.974696,-196.6201506,-207.1334735
32,8234400.0,185.0,1015.969009,224.9839082,6.238026252,-1015.969009,-196.6129448,-207.1329371
33,8409600.0,185.0,1015.963379,224.9791297,6.240884253,-1015.963379,-196.6058731,-207.1323724
34,8584800.0,185.0,1015.957803,224.974332,6.243624985,-1015.957803,-196.5989265,-207.1317806
35,8760000.0,185.0,1015.952277,224.9695165,6.246255048,-1015.952277,-196.5920988,-207.1311626
36,8935200.0,185.0,1015.951209,224.9668707,6.244387022,-1015.951209,-196.5919638,-207.1305199
37,9110400.0,185.0,1015.952574,224.9654208,6.240050557,-1015.952574,-196.5955166,-207.1298537
38,9285600.0,185.0,1015.953569,224.9637716,6.236046318,-1015.953569,-196.5985603,-207.1291649
39,9460800.0,185.0,1015.95421,224.9619231,6.232358919,-1015.95421,-196.6011098,-207.1284544
40,9636000.0,185.0,1015.95452,224.9598858,6.228968784,-1015.95452,-196.6031941,-207.1277229
41,9811200.0,185.0,1015.954519,224.9576699,6.225857594,-1015.954519,-196.6048411,-207.1269712
42,9986400.0,185.0,1015.954224,224.9552855,6.2230082,-1015.954224,-196.6060774,-207.1261998
43,10161600.0,185.0,1015.953655,224.9527418,6.220404534,-1015.953655,-196.6069277,-207.1254096
44,10336800.0,185.0,1015.952828,224.9500489,6.218029571,-1015.952828,-196.6074183,-207.124601
45,10512000.0,185.0,1015.951757,224.9472137,6.215871474,-1015.951757,-196.6075676,-207.1237747
46,10687200.0,185.0,1015.95026,225.0689364,6.214136406,-1015.95026,-196.7319039,-207.1228961
47,10862400.0,185.0,1015.948335,225.065046,6.212415907,-1015.948335,-196.730668,-207.1219621
48,11037600.0,185.0,1015.946006,225.0608292,6.210898969,-1015.946006,-196.7289555,-207.1209747
49,11212800.0,185.0,1015.944892,225.0571118,6.207986745,-1015.944892,-196.7291888,-207.1199363
50,11388000.0,185.0,1015.945516,225.0541696,6.203174981,-1015.945516,-196.732145,-207.1188496
51,11563200.0,185.0,1015.945572,225.0508666,6.1987768,-1015.945572,-196.734373,-207.1177168
52,11738400.0,185.0,1015.945092,225.0472161,6.194772319,-1015.945092,-196.7359041,-207.1165397
53,11913600.0,185.0,1015.944109,225.0432386,6.191137171,-1015.944109,-196.736781,-207.1153204
54,12088800.0,185.0,1015.942655,225.0389533,6.187848639,-1015.942655,-196.7370441,-207.1140606
55,12264000.0,185.0,1015.940761,225.0343786,6.184885437,-1015.940761,-196.7367314,-207.1127618
56,12439200.0,185.0,1015.938452,225.0295315,6.182227682,-1015.938452,-196.7358781,-207.1114257
57,12614400.0,185.0,1015.935754,225.0244275,6.179856815,-1015.935754,-196.7345171,-207.1100535
58,12789600.0,185.0,1015.932692,225.0190816,6.177755443,-1015.932692,-196.7326794,-207.1086468
59,12964800.0,185.0,1015.929287,225.0135074,6.175907321,-1015.929287,-196.7303935,-207.1072066
60,13140000.0,185.0,1015.925561,225.0077181,6.174296353,-1015.925561,-196.7276876,-207.1057342
61,13315200.0,185.0,1015.921935,225.3783559,6.173469135,-1015.921935,-197.1005847,-207.1043021
62,13490400.0,185.0,1015.918455,225.3737827,6.172204437,-1015.918455,-197.0986598,-207.1029185
63,13665600.0,185.0,1015.921511,225.3726424,6.164713507,-1015.921511,-197.1063472,-207.1015817
64,13840800.0,185.0,1015.930117,225.374431,6.151968144,-1015.930117,-197.1221734,-207.1002895
65,14016000.0,185.0,1015.937994,225.3760172,6.140210881,-1015.937994,-197.1367677,-207.0990386
66,14191200.0,185.0,1015.945202,225.3773971,6.129359599,-1015.945202,-197.150211,-207.0978265
67,14366400.0,185.0,1015.951787,225.3785808,6.119348001,-1015.951787,-197.1625823,-207.0966505
68,14541600.0,185.0,1015.957792,225.3795803,6.1101145,-1015.957792,-197.1739575,-207.0955082
69,14716800.0,185.0,1015.963198,225.3803797,6.101661088,-1015.963198,-197.1843212,-207.0943974
70,14892000.0,185.0,1015.968145,225.3810356,6.093834187,-1015.968145,-197.1938853,-207.0933162
71,15067200.0,185.0,1015.972628,225.3815424,6.086623806,-1015.972628,-197.202656,-207.0922626
72,15242400.0,185.0,1015.976681,225.3819103,6.079984669,-1015.976681,-197.2106907,-207.091235
73,15417600.0,185.0,1015.980436,225.3822388,6.073791494,-1015.980436,-197.2182046,-207.0902427
74,15592800.0,185.0,1015.983989,225.3828728,6.068067848,-1015.983989,-197.2254417,-207.0893633
75,15768000.0,185.0,1015.98744,225.383694,6.062721738,-1015.98744,-197.2323671,-207.0886052
76,15943200.0,185.0,1015.990609,224.4576517,6.056257349,-1015.990609,-196.313463,-207.0879313
77,16118400.0,185.0,1015.989797,224.4561926,6.055287329,-1015.989797,-196.3134828,-207.0874224
78,16293600.0,185.0,1015.977696,224.449504,6.065593667,-1015.977696,-196.296604,-207.0873063
79,16468800.0,185.0,1015.962747,224.4417679,6.078852488,-1015.962747,-196.2753049,-207.0876106
80,16644000.0,185.0,1015.947268,224.4342274,6.092857009,-1015.947268,-196.2530033,-207.0883672
81,16819200.0,185.0,1015.93314,224.4281286,6.105696391,-1015.93314,-196.2325537,-207.0898785
82,16994400.0,185.0,1015.91997,224.4230724,6.117808839,-1015.91997,-196.2131116,-207.0921519
83,17169600.0,185.0,1015.908388,224.4192803,6.128601335,-1015.908388,-196.1955271,-207.0951518
84,17344800.0,185.0,1015.898696,224.4184419,6.137916475,-1015.898696,-196.1816817,-207.0988437
85,17520000.0,185.0,1015.89107,224.4203416,6.145683227,-1015.89107,-196.1714675,-207.1031908
86,17695200.0,185.0,1015.885416,224.4238458,6.152064074,-1015.885416,-196.1637018,-207.1080799
87,17870400.0,185.0,1015.881629,224.4287392,6.157159187,-1015.881629,-196.1581213,-207.1134586
88,18045600.0,185.0,1015.879615,224.4349412,6.160957455,-1015.879615,-196.1546013,-207.1193825
89,18220800.0,185.0,1015.879257,224.4423286,6.163552032,-1015.879257,-196.1529786,-207.125798
90,18396000.0,185.0,1015.880382,224.4506751,6.165086498,-1015.880382,-196.1529931,-207.1325955
91,18571200.0,185.0,1015.882981,224.5103474,6.165829172,-1015.882981,-196.2048793,-207.1396389
92,18746400.0,185.0,1015.886895,224.5208499,6.165767821,-1015.886895,-196.2082691,-207.1468129
93,18921600.0,185.0,1015.891912,224.5319085,6.16513523,-1015.891912,-196.212765,-207.1540082
94,19096800.0,185.0,1015.89783,224.5432493,6.164055765,-1015.89783,-196.2180292,-207.1611644
95,19272000.0,185.0,1015.904461,224.5547455,6.162670739,-1015.904461,-196.2238798,-207.168195
96,19447200.0,185.0,1015.912013,224.5677399,6.1608395,-1015.912013,-196.2316106,-207.1752898
97,19622400.0,185.0,1015.921143,224.5823878,6.157702662,-1015.921143,-196.2418581,-207.1828271
98,19797600.0,185.0,1015.932354,224.6003561,6.153511882,-1015.932354,-196.2558938,-207.1909504
99,19972800.0,185.0,1015.956001,224.6367143,6.084260391,-1015.956001,-196.2885946,-207.2638593
100,20148000.0,185.0,1015.994744,224.7061915,6.022515814,-1015.994744,-196.3551633,-207.3285125
101,20323200.0,185.0,1016.047037,224.7958536,5.967489159,-1016.047037,-196.4428427,-207.3855218
102,20498400.0,185.0,1016.10983,224.8931767,5.917887673,-1016.10983,-196.5390227,-207.4362663
103,20673600.0,185.0,1016.180916,224.9953381,5.869646147,-1016.180916,-196.6407417,-207.4849502
104,20848800.0,185.0,1016.257914,225.0996054,5.829253743,-1016.257914,-196.7455995,-207.5247521
105,21024000.0,185.0,1016.339523,225.2047339,5.791090198,-1016.339523,-196.8527772,-207.5608665
106,21199200.0,185.0,1016.423577,225.2598658,5.753693828,-1016.423577,-196.9104626,-207.5957093
107,21374400.0,185.0,1016.508898,225.3636982,5.717426531,-1016.508898,-197.0171298,-207.6291419
108,21549600.0,185.0,1016.594059,225.4647662,5.686054003,-1016.594059,-197.1213275,-207.6573847
109,21724800.0,185.0,1016.677851,225.562052,5.660083201,-1016.677851,-197.221967,-207.6800018
110,21900000.0,185.0,1016.760086,225.6565582,5.634622752,-1016.760086,-197.3199813,-207.7019541
111,22075200.0,185.0,1016.840773,225.7490484,5.609675887,-1016.840773,-197.4161165,-207.723256
112,22250400.0,185.0,1016.919684,225.8387402,5.585295881,-1016.919684,-197.509563,-207.7438813
113,22425600.0,185.0,1016.997286,225.9315115,5.561525713,-1016.997286,-197.6062766,-207.7637091
114,22600800.0,185.0,1017.073184,226.0208085,5.538444756,-1017.073184,-197.6996502,-207.7827135
115,22776000.0,185.0,1017.146562,226.1052555,5.519920501,-1017.146562,-197.7881953,-207.7971397
116,22951200.0,185.0,1017.216591,226.1849755,5.505411923,-1017.216591,-197.8716152,-207.8079483
117,23126400.0,185.0,1017.283889,226.2611583,5.4914379,-1017.283889,-197.950972,-207.8187484
118,23301600.0,185.0,1017.349107,226.3346588,5.477876528,-1017.349107,-198.0270556,-207.8297267
119,23476800.0,185.0,1017.412401,226.405271,5.464555245,-1017.412401,-198.0999191,-207.8407966
120,23652000.0,185.0,1017.473693,226.4722113,5.451380004,-1017.473693,-198.1689756,-207.8518557
121,23827200.0,185.0,1017.532853,226.5104377,5.438394652,-1017.532853,-198.2092014,-207.8628417
122,24002400.0,185.0,1017.589665,226.5695133,5.425773766,-1017.589665,-198.2700443,-207.8736952
123,24177600.0,185.0,1017.644324,226.6261473,5.413467509,-1017.644324,-198.3282609,-207.8844188
124,24352800.0,185.0,1017.697067,226.6813845,5.401421384,-1017.697067,-198.3850218,-207.8949413
125,24528000.0,185.0,1017.748042,226.734678,5.389674867,-1017.748042,-198.4397591,-207.905244
126,24703200.0,185.0,1017.797361,226.7859581,5.378223053,-1017.797361,-198.4923901,-207.915345
127,24878400.0,185.0,1017.844816,226.8350801,5.369834229,-1017.844816,-198.5427682,-207.9224776
128,25053600.0,185.0,1017.890313,226.8820041,5.363886108,-1017.890313,-198.5908569,-207.9272611
129,25228800.0,185.0,1017.934068,226.9284201,5.357848673,-1017.934068,-198.6383501,-207.9322213
130,25404000.0,185.0,1017.976256,226.9744482,5.351730496,-1017.976256,-198.6853746,-207.9373431
131,25579200.0,185.0,1018.01691,227.0184789,5.345637392,-1018.01691,-198.730248,-207.9425936
132,25754400.0,185.0,1018.055777,227.0596103,5.339838435,-1018.055777,-198.7718634,-207.9479085
133,25929600.0,185.0,1018.092932,227.0985411,5.334315508,-1018.092932,-198.8109715,-207.9532541
134,26104800.0,185.0,1018.128292,227.1349806,5.329045612,-1018.128292,-198.8473833,-207.9585517
135,26280000.0,185.0,1018.161796,227.168568,5.323933392,-1018.161796,-198.880916,-207.9637186
136,26455200.0,185.0,1018.192806,227.1728659,5.319028098,-1018.192806,-198.8852222,-207.9686156
137,26630400.0,185.0,1018.22135,227.1990422,5.314432545,-1018.22135,-198.9113796,-207.97323
138,26805600.0,185.0,1018.247624,227.2228292,5.310101687,-1018.247624,-198.9351516,-207.9775759
139,26980800.0,185.0,1018.271808,227.2444533,5.306036837,-1018.271808,-198.9567498,-207.9816666
140,27156000.0,185.0,1018.294082,227.2641885,5.302225875,-1018.294082,-198.9764478,-207.9855148
141,27331200.0,185.0,1018.314606,227.2822033,5.298658918,-1018.314606,-198.9944121,-207.9891323
142,27506400.0,185.0,1018.333514,227.2985018,5.295328832,-1018.333514,-199.0106439,-207.992529
143,27681600.0,185.0,1018.350918,227.3127449,5.29222873,-1018.350918,-199.0248013,-207.9957148
144,27856800.0,185.0,1018.366927,227.3256232,5.289352112,-1018.366927,-199.0375735,-207.9986976
145,28032000.0,185.0,1018.381638,227.3372369,5.286700179,-1018.381638,-199.0490595,-208.0014773
146,28207200.0,185.0,1018.395135,227.347672,5.284294169,-1018.395135,-199.0593447,-208.0040332
147,28382400.0,185.0,1018.407416,227.3569738,5.282209417,-1018.407416,-199.0683874,-208.0063769
148,28557600.0,185.0,1018.418794,227.3654641,5.28047221,-1018.418794,-199.0763411,-208.0086508
149,28732800.0,185.0,1018.429377,227.3728194,5.279030314,-1018.429377,-199.0829093,-208.0108798
150,28908000.0,185.0,1018.439123,227.3790058,5.277877221,-1018.439123,-199.0880929,-208.0130356
151,29083200.0,185.0,1018.448511,227.3855345,5.278072656,-1018.448511,-199.0933893,-208.0140726
152,29258400.0,185.0,1018.457434,227.3919441,5.280336379,-1018.457434,-199.0984003,-208.0132074
153,29433600.0,185.0,1018.465896,227.3981018,5.282564757,-1018.465896,-199.1030066,-208.0125304
154,29608800.0,185.0,1018.474017,227.4040626,5.284685162,-1018.474017,-199.1073622,-208.0120153
155,29784000.0,185.0,1018.481808,227.4097693,5.28669973,-1018.481808,-199.1114406,-208.011629
156,29959200.0,185.0,1018.489461,227.4154317,5.288605749,-1018.489461,-199.1154047,-208.0114212
157,30134400.0,185.0,1018.497016,227.4209054,5.290416786,-1018.497016,-199.1190944,-208.0113943
158,30309600.0,185.0,1018.504415,227.4258834,5.292157947,-1018.504415,-199.1221951,-208.0115304
159,30484800.0,185.0,1018.511557,227.4301487,5.293858209,-1018.511557,-199.1244898,-208.0118007
160,30660000.0,185.0,1018.51838,227.433738,5.295537542,-1018.51838,-199.1260175,-208.0121829
161,30835200.0,185.0,1018.52486,227.4367208,5.29720893,-1018.52486,-199.1268518,-208.0126601
162,31010400.0,185.0,1018.530989,227.4392074,5.298882802,-1018.530989,-199.1271096,-208.013215
163,31185600.0,185.0,1018.536768,227.4412977,5.300569627,-1018.536768,-199.1268941,-208.0138339
164,31360800.0,185.0,1018.542203,227.4429327,5.302266574,-1018.542203,-199.1261625,-208.0145036
165,31536000.0,185.0,1018.547459,227.4446161,5.303964372,-1018.547459,-199.1254091,-208.0152427
166,31711200.0,185.0,1018.552617,227.4297148,5.305626646,-1018.552617,-199.1080341,-208.0160541
167,31886400.0,185.0,1018.557566,227.431122,5.307312331,-1018.557566,-199.106904,-208.0169057
168,32061600.0,185.0,1018.562302,227.4323536,5.309002808,-1018.562302,-199.1055627,-208.017788
169,32236800.0,185.0,1018.566836,227.4334848,5.310695767,-1018.566836,-199.1040985,-208.0186905
170,32412000.0,185.0,1018.571192,227.4345381,5.312379761,-1018.571192,-199.1025545,-208.0196038
171,32587200.0,185.0,1018.575388,227.4355489,5.314054883,-1018.575388,-199.1009697,-208.0205243
172,32762400.0,185.0,1018.579442,227.4365437,5.315717524,-1018.579442,-199.0993774,-208.0214488
173,32937600.0,185.0,1018.583357,227.4375001,5.317368501,-1018.583357,-199.0977615,-208.0223701
174,33112800.0,185.0,1018.587132,227.4384218,5.319007903,-1018.587132,-199.0961336,-208.0232803
175,33288000.0,185.0,1018.590771,227.4393242,5.320633805,-1018.590771,-199.0945157,-208.0241746
176,33463200.0,185.0,1018.594275,227.4401938,5.322247023,-1018.594275,-199.0928985,-208.0250483
177,33638400.0,185.0,1018.597651,227.4410325,5.323847696,-1018.597651,-199.0912853,-208.0258995
178,33813600.0,185.0,1018.600908,227.4418446,5.325434741,-1018.600908,-199.089681,-208.0267288
179,33988800.0,185.0,1018.604055,227.4426399,5.327006865,-1018.604055,-199.0880964,-208.0275366
180,34164000.0,185.0,1018.607115,227.4434422,5.328555806,-1018.607115,-199.0865584,-208.028328
181,34339200.0,185.0,1018.610147,228.437541,5.331670605,-1018.610147,-200.0767487,-208.0291218
182,34514400.0,185.0,1018.613118,228.438363,5.33320456,-1018.613118,-200.0752634,-208.0298951
183,34689600.0,185.0,1018.617904,228.439955,5.332824497,-1018.617904,-200.0764912,-208.0306393
184,34864800.0,185.0,1018.651861,228.4558554,5.303226099,-1018.651861,-200.121274,-208.0313553
185,35040000.0,185.0,1018.683417,228.4704776,5.275927023,-1018.683417,-200.1625052,-208.0320453
186,35215200.0,185.0,1018.712812,228.4840095,5.250685144,-1018.712812,-200.2006135,-208.0327108
187,35390400.0,185.0,1018.740163,228.4966164,5.227383953,-1018.740163,-200.2358844,-208.0333481
188,35565600.0,185.0,1018.765592,228.508355,5.205881209,-1018.765592,-200.2685292,-208.0339446
189,35740800.0,185.0,1018.881178,228.6126283,5.188486974,-1018.881178,-200.3896492,-208.0344921
190,35916000.0,185.0,1019.09026,228.8145025,5.178680055,-1019.09026,-200.6008306,-208.0349918
191,36091200.0,185.0,1019.205773,228.9251115,5.17376672,-1019.205773,-200.7159013,-208.0354435
192,36266400.0,185.0,1019.271865,228.9875255,5.17142813,-1019.271865,-200.7802494,-208.0358479
193,36441600.0,185.0,1019.310547,229.0232294,5.170507908,-1019.310547,-200.8165105,-208.036211
194,36616800.0,185.0,1019.333526,229.043658,5.170390593,-1019.333526,-200.8367291,-208.0365383
195,36792000.0,185.0,1019.347346,229.0552131,5.170732232,-1019.347346,-200.8476453,-208.0368356
196,36967200.0,185.0,1018.933098,227.888521,5.173602956,-1018.933098,-199.6778059,-208.0371121
197,37142400.0,185.0,1018.894385,227.8516771,5.182220365,-1018.894385,-199.6320829,-208.0373739
198,37317600.0,185.0,1018.861301,227.8199839,5.189736567,-1018.861301,-199.5926254,-208.0376219
199,37492800.0,185.0,1018.833282,227.7929496,5.196261219,-1018.833282,-199.5588282,-208.0378602
200,37668000.0,185.0,1018.80972,227.7700253,5.201911679,-1018.80972,-199.5300211,-208.0380925
201,37843200.0,185.0,1018.802105,227.76282,5.206885613,-1018.802105,-199.517612,-208.0383224
202,38018400.0,185.0,1018.799866,227.7609035,5.211523056,-1018.799866,-199.5108275,-208.0385529
203,38193600.0,185.0,1018.797828,227.759131,5.215945063,-1018.797828,-199.5044115,-208.0387744
204,38368800.0,185.0,1018.795985,227.7575023,5.220165731,-1018.795985,-199.4983478,-208.0389888
205,38544000.0,185.0,1018.794331,227.7560183,5.224194541,-1018.794331,-199.4926235,-208.0392003
206,38719200.0,185.0,1018.792863,227.7546811,5.228039054,-1018.792863,-199.4872297,-208.0394123
207,38894400.0,185.0,1018.791577,227.7534861,5.231707319,-1018.791577,-199.4821511,-208.0396277
208,39069600.0,185.0,1018.790468,227.7524303,5.235207094,-1018.790468,-199.4773749,-208.0398484
209,39244800.0,185.0,1018.789525,227.7514989,5.238547632,-1018.789525,-199.4728774,-208.0400738
210,39420000.0,185.0,1018.788724,227.7506484,5.241740543,-1018.788724,-199.4686074,-208.0403005
211,39595200.0,185.0,1018.788024,228.0002029,5.245197027,-1018.788024,-199.7144845,-208.0405213
212,39770400.0,185.0,1018.794143,228.0026889,5.241386649,-1018.794143,-199.7205654,-208.0407369
213,39945600.0,185.0,1018.800193,228.0050203,5.237552706,-1018.800193,-199.7265214,-208.0409461
214,40120800.0,185.0,1018.805802,228.00699,5.234041293,-1018.805802,-199.7318067,-208.0411421
215,40296000.0,185.0,1018.810962,228.0085839,5.230839012,-1018.810962,-199.7364265,-208.0413184
216,40471200.0,185.0,1018.81567,228.0098035,5.227931284,-1018.81567,-199.7404025,-208.0414697
217,40646400.0,185.0,1018.819926,228.0106572,5.225304519,-1018.819926,-199.7437618,-208.0415908
218,40821600.0,185.0,1018.823738,228.0111701,5.22294409,-1018.823738,-199.7465468,-208.0416792
219,40996800.0,185.0,1018.827116,228.0113297,5.220836429,-1018.827116,-199.748761,-208.0417323
220,41172000.0,185.0,1018.830248,228.0115307,5.218889136,-1018.830248,-199.750819,-208.0418226
221,41347200.0,185.0,1018.844221,228.0228468,5.217313201,-1018.844221,-199.7635713,-208.0419623
222,41522400.0,185.0,1018.860139,228.0365053,5.216616004,-1018.860139,-199.7781033,-208.041786
223,41697600.0,185.0,1018.871561,228.0460226,5.216654648,-1018.871561,-199.7880189,-208.041349
224,41872800.0,185.0,1018.879781,228.0524929,5.21673497,-1018.879781,-199.7945466,-208.0412112
225,42048000.0,185.0,1018.885726,228.056805,5.216786475,-1018.885726,-199.7986712,-208.0413473
226,42223200.0,185.0,1018.919246,228.2133451,5.215603378,-1018.919246,-199.9560144,-208.0417273
227,42398400.0,185.0,1018.94971,228.241247,5.213256154,-1018.94971,-199.9856643,-208.0423265
228,42573600.0,185.0,1018.970415,228.2597434,5.211583163,-1018.970415,-200.0050908,-208.0430694
229,42748800.0,185.0,1018.984623,228.272035,5.210199127,-1018.984623,-200.0177643,-208.0440716
230,42924000.0,185.0,1018.994541,228.2802741,5.208874008,-1018.994541,-200.0260159,-208.0453842
231,43099200.0,185.0,1019.001625,228.2858557,5.207520217,-1019.001625,-200.0313594,-208.0469761
232,43274400.0,185.0,1019.006865,228.2897256,5.206087065,-1019.006865,-200.034821,-208.0488175
233,43449600.0,185.0,1019.010866,228.2924296,5.204609545,-1019.010866,-200.0370018,-208.0508182
234,43624800.0,185.0,1019.014119,228.2944608,5.203065446,-1019.014119,-200.0384358,-208.0529595
235,43800000.0,185.0,1019.016889,228.2960513,5.201485107,-1019.016889,-200.0393794,-208.0551869
236,43975200.0,185.0,1019.020563,228.2986165,5.189615658,-1019.020563,-200.0412596,-208.0677412
237,44150400.0,185.0,1019.025724,228.3027413,5.1728605,-1019.025724,-200.0446705,-208.0852103
238,44325600.0,185.0,1019.0321,228.3081333,5.157695018,-1019.0321,-200.0493281,-208.1011102
239,44500800.0,185.0,1019.039501,228.3145974,5.143479767,-1019.039501,-200.0550434,-208.1160742
240,44676000.0,185.0,1019.047756,228.32196,5.130151271,-1019.047756,-200.0616471,-208.1301616
241,44851200.0,185.0,1019.222508,228.8709069,5.114645926,-1019.222508,-200.6127105,-208.1435506
242,45026400.0,185.0,1019.317916,228.9672362,5.098116521,-1019.317916,-200.7125699,-208.1565498
243,45201600.0,185.0,1019.38585,229.0422629,5.083588199,-1019.38585,-200.7894022,-208.1692725
244,45376800.0,185.0,1019.440181,229.1055149,5.070084752,-1019.440181,-200.85347,-208.1819601
245,45552000.0,185.0,1019.487248,229.161252,5.057221596,-1019.487248,-200.9094008,-208.1946296
246,45727200.0,185.0,1019.530058,229.2122331,5.04810028,-1019.530058,-200.9601627,-208.2039702
247,45902400.0,185.0,1019.570658,229.2608427,5.040126998,-1019.570658,-201.008267,-208.2124487
248,46077600.0,185.0,1019.610326,229.3083938,5.031999404,-1019.610326,-201.0551006,-208.2212939
249,46252800.0,185.0,1019.650432,229.3564475,5.023417846,-1019.650432,-201.1022966,-208.2307331
250,46428000.0,185.0,1019.692408,229.4066192,5.01435217,-1019.692408,-201.1515528,-208.2407142
251,46603200.0,185.0,1019.73578,229.4580571,5.004868608,-1019.73578,-201.2019996,-208.2511888
252,46778400.0,185.0,1019.781452,229.5119682,4.992722602,-1019.781452,-201.2548811,-208.2643645
253,46953600.0,185.0,1019.847192,229.5703646,4.950402836,-1019.847192,-201.3121749,-208.3077869
254,47128800.0,185.0,1019.933527,229.6327051,4.893331614,-1019.933527,-201.3733083,-208.3660652
255,47304000.0,185.0,1020.022638,229.6986244,4.831893022,-1020.022638,-201.4379087,-208.4288226
256,47479200.0,185.0,1019.481904,228.2082188,4.769993709,-1019.481904,-199.9462923,-208.4919328
257,47654400.0,185.0,1019.548964,228.2566871,4.716167063,-1019.548964,-199.9869581,-208.5535619
258,47829600.0,185.0,1019.62023,228.3100352,4.66303634,-1019.62023,-200.0329694,-208.6140294
259,48004800.0,185.0,1019.695563,228.3684724,4.610423951,-1019.695563,-200.0845602,-208.6734882
260,48180000.0,185.0,1019.806634,228.4395495,4.530532608,-1019.806634,-200.1496054,-208.7594115
261,48355200.0,185.0,1019.929585,228.528726,4.448517113,-1019.929585,-200.2338387,-208.8463703
262,48530400.0,185.0,1020.062591,228.6331701,4.349057658,-1020.062591,-200.3343044,-208.9498081
263,48705600.0,185.0,1020.20585,228.7500292,4.239597604,-1020.20585,-200.4480508,-209.0623808
264,48880800.0,185.0,1020.357643,228.8768818,4.133583675,-1020.357643,-200.5725637,-209.1707345
265,49056000.0,185.0,1020.516908,229.0142616,4.030764926,-1020.516908,-200.7083107,-209.275186
266,49231200.0,185.0,1020.682418,229.1597798,3.930966959,-1020.682418,-200.8528192,-209.3759937
267,49406400.0,185.0,1020.854641,229.3155618,3.833525603,-1020.854641,-201.0081434,-209.4738928
268,49581600.0,185.0,1021.035515,229.4904895,3.738010418,-1021.035515,-201.1833104,-209.5691687
269,49756800.0,185.0,1021.223936,229.6750424,3.644649447,-1021.223936,-201.3686402,-209.6617528
270,49932000.0,185.0,1021.418241,229.8697335,3.554214749,-1021.418241,-201.5645266,-209.7509922
271,50107200.0,185.0,1021.655287,230.1642454,3.473018217,-1021.655287,-201.8601918,-209.8310354
272,50282400.0,185.0,1021.848194,230.3696579,3.401714336,-1021.848194,-202.0667213,-209.9012223
273,50457600.0,185.0,1022.128293,230.6714915,3.347800749,-1022.128293,-202.3667573,-209.9569334
274,50632800.0,185.0,1022.476279,231.043621,3.303812263,-1022.476279,-202.7334597,-210.006349
275,50808000.0,185.0,1022.765106,231.360958,3.274469258,-1022.765106,-203.0432758,-210.043213
276,50983200.0,185.0,1023.005513,231.6308951,3.248745464,-1023.005513,-203.3045731,-210.0775765
277,51158400.0,185.0,1023.218456,231.8654364,3.227368755,-1023.218456,-203.5297567,-210.1083109
278,51333600.0,185.0,1023.410914,232.0761408,3.212363227,-1023.410914,-203.7305497,-210.1332279
279,51508800.0,185.0,1023.587693,232.2721906,3.201436541,-1023.587693,-203.9162626,-210.1544914
280,51684000.0,185.0,1023.756865,232.4575396,3.189637316,-1023.756865,-204.0909301,-210.1769722
281,51859200.0,185.0,1023.918517,232.632589,3.184801082,-1023.918517,-204.255001,-210.1927869
282,52034400.0,185.0,1024.072853,232.7979842,3.179034726,-1024.072853,-204.4091283,-210.2098212
283,52209600.0,185.0,1024.22447,232.9612188,3.17367865,-1024.22447,-204.5609067,-210.2266334
284,52384800.0,185.0,1024.388123,233.1648033,3.172449223,-1024.388123,-204.7527939,-210.2395603
285,52560000.0,185.0,1024.53947,233.3365748,3.170021612,-1024.53947,-204.9123905,-210.2541627
286,52735200.0,185.0,1024.629399,233.3886496,3.168246501,-1024.629399,-204.9521892,-210.268214
287,52910400.0,185.0,1024.76157,233.5300841,3.17073804,-1024.76157,-205.0808051,-210.2785409
288,53085600.0,185.0,1024.889968,233.6726103,3.172015226,-1024.889968,-205.2101201,-210.290475
289,53260800.0,185.0,1025.013711,233.8090983,3.172256604,-1025.013711,-205.3330507,-210.3037911
290,53436000.0,185.0,1025.130324,233.9338223,3.171662101,-1025.130324,-205.4439718,-210.3181884
291,53611200.0,185.0,1025.24034,234.049084,3.170306818,-1025.24034,-205.5452756,-210.3335015
292,53786400.0,185.0,1025.342642,234.1576625,3.171504144,-1025.342642,-205.6398128,-210.3463455
293,53961600.0,185.0,1025.438762,234.2606303,3.174003935,-1025.438762,-205.7287958,-210.3578306
294,54136800.0,185.0,1025.530611,234.3574214,3.175592989,-1025.530611,-205.8117322,-210.3700962
295,54312000.0,185.0,1025.618723,234.4491436,3.176346842,-1025.618723,-205.8897781,-210.3830187
296,54487200.0,185.0,1025.703107,234.5359677,3.179472621,-1025.703107,-205.9631408,-210.3933543
297,54662400.0,185.0,1025.782719,234.6161288,3.183988659,-1025.782719,-206.0301192,-210.402021
298,54837600.0,185.0,1025.85671,234.6874178,3.187611163,-1025.85671,-206.0885273,-210.4112794
299,55012800.0,185.0,1025.926055,234.752537,3.190307202,-1025.926055,-206.1411072,-210.4211227
300,55188000.0,185.0,1025.991709,234.8132929,3.192227408,-1025.991709,-206.189716,-210.4313495
301,55363200.0,185.0,1026.028642,234.8192131,3.193349898,-1026.028642,-206.1840347,-210.4418285
302,55538400.0,185.0,1026.087337,234.8716098,3.194041554,-1026.087337,-206.2250998,-210.4524685
303,55713600.0,185.0,1026.142979,234.9206707,3.194250438,-1026.142979,-206.2632403,-210.46318
304,55888800.0,185.0,1026.195579,234.9665122,3.19404653,-1026.195579,-206.2985771,-210.4738886
305,56064000.0,185.0,1026.246033,235.0103744,3.193466474,-1026.246033,-206.3323228,-210.4845852
306,56239200.0,185.0,1026.295381,235.0537136,3.192481633,-1026.295381,-206.3658727,-210.4953593
307,56414400.0,185.0,1026.342708,235.0947872,3.191261522,-1026.342708,-206.397494,-210.5060317
308,56589600.0,185.0,1026.384104,235.1328098,3.193420855,-1026.384104,-206.4263923,-210.5129966
309,56764800.0,185.0,1026.422933,235.1674122,3.195077771,-1026.422933,-206.4522117,-210.5201227
310,56940000.0,185.0,1026.458326,235.1975957,3.196391905,-1026.458326,-206.474006,-210.5271978
311,57115200.0,185.0,1026.48917,235.2213284,3.197464965,-1026.48917,-206.4897619,-210.5341015
312,57290400.0,185.0,1026.516358,235.2403764,3.198227958,-1026.516358,-206.5012304,-210.5409181
313,57465600.0,185.0,1026.541197,235.2569301,3.198648085,-1026.541197,-206.5105842,-210.5476979
314,57640800.0,185.0,1026.564462,235.2721062,3.198745306,-1026.564462,-206.5189147,-210.5544462
315,57816000.0,185.0,1026.58593,235.2856166,3.201983501,-1026.58593,-206.5259115,-210.5577216
316,57991200.0,185.0,1026.580737,235.2473447,3.204641392,-1026.580737,-206.4815813,-210.561122
317,58166400.0,185.0,1026.598911,235.2574819,3.207009147,-1026.598911,-206.485805,-210.5646678
318,58341600.0,185.0,1026.624299,235.2667626,3.204940216,-1026.624299,-206.48944,-210.5723823
319,58516800.0,185.0,1026.69982,235.2781207,3.178541511,-1026.69982,-206.4953903,-210.604189
320,58692000.0,185.0,1026.766366,235.2907853,3.156913641,-1026.766366,-206.502865,-210.6310067
321,58867200.0,185.0,1026.831115,235.304471,3.136368833,-1026.831115,-206.5115575,-210.6565446
322,59042400.0,185.0,1026.893864,235.3186964,3.116804178,-1026.893864,-206.5209824,-210.6809097
323,59217600.0,185.0,1026.954518,235.3332466,3.098183366,-1026.954518,-206.5309254,-210.7041379
324,59392800.0,185.0,1027.013172,235.3481269,3.080468783,-1027.013172,-206.5413895,-210.7262687
325,59568000.0,185.0,1027.06983,235.3632138,3.063611693,-1027.06983,-206.5522467,-210.7473555
326,59743200.0,185.0,1027.12442,235.3783404,3.047584139,-1027.12442,-206.563336,-210.7674203
327,59918400.0,185.0,1027.176685,235.3930874,3.032385156,-1027.176685,-206.5742553,-210.786447
328,60093600.0,185.0,1027.226442,235.4071264,3.017999936,-1027.226442,-206.5846847,-210.8044418
329,60268800.0,185.0,1027.273693,235.4203257,3.004379705,-1027.273693,-206.5944796,-210.8214665
330,60444000.0,185.0,1027.318512,235.4326704,2.991476983,-1027.318512,-206.6036097,-210.8375838
331,60619200.0,185.0,1027.361107,235.4442138,2.979264881,-1027.361107,-206.6121162,-210.8528327
332,60794400.0,185.0,1027.401531,235.4551147,2.967730998,-1027.401531,-206.6201446,-210.8672391
333,60969600.0,185.0,1027.439651,235.4651323,2.95676636,-1027.439651,-206.6274418,-210.8809241
334,61144800.0,185.0,1027.473036,235.4731596,2.947270071,-1027.473036,-206.6328942,-210.8929954
335,61320000.0,185.0,1027.500161,235.4788369,2.939860422,-1027.500161,-206.6361354,-210.902841
336,61495200.0,185.0,1027.524571,235.4823458,2.932838319,-1027.524571,-206.637343,-210.9121644
337,61670400.0,185.0,1027.54659,235.4841949,2.926200217,-1027.54659,-206.6370193,-210.9209754
338,61845600.0,185.0,1027.566388,235.4845458,2.919935019,-1027.566388,-206.6353173,-210.9292935
339,62020800.0,185.0,1027.584147,235.4835783,2.914026215,-1027.584147,-206.6324078,-210.9371443
340,62196000.0,185.0,1027.600339,235.4819672,2.908447221,-1027.600339,-206.6289482,-210.9445718
341,62371200.0,185.0,1027.61524,235.4799912,2.903185234,-1027.61524,-206.6252014,-210.9516046
342,62546400.0,185.0,1027.62758,235.4772267,2.899292856,-1027.62758,-206.6207488,-210.957185
343,62721600.0,185.0,1027.637542,235.473688,2.896577746,-1027.637542,-206.615607,-210.9615033
344,62896800.0,185.0,1027.646238,235.4695052,2.894052249,-1027.646238,-206.6099064,-210.9655466
345,63072000.0,185.0,1027.653755,235.4647498,2.891725533,-1027.653755,-206.6037166,-210.9693077
