,atotim,aLAK1_STAGE,aLAK2_STAGE,aLAK1_TO-MVR,aLAK1_FROM-MVR,aLAK2_TO-MVR,aLAK2_FROM-MVR
0,2628000.0,1041.251409,1001.410486,-32.62909565,31.22706147,-186.3916295,175.9032992
1,2803200.0,1041.251409,1001.410486,-32.62908494,31.22706147,-186.3916436,175.9040166
2,2978400.0,1041.251408,1001.410486,-32.62906327,31.22706147,-186.3916576,175.9046829
3,3153600.0,1041.251407,1001.410486,-32.62903135,31.22706147,-186.391666,175.9053004
4,3328800.0,1041.251406,1001.410486,-32.62898995,31.22706147,-186.391665,175.9058718
5,3504000.0,1041.251405,1001.410486,-32.62893981,31.22706147,-186.3916516,175.9063995
6,3679200.0,1041.251404,1001.410485,-32.62888161,31.22706147,-186.3916232,175.9068858
7,3854400.0,1041.251402,1001.410485,-32.62881602,31.22706147,-186.391578,175.9073327
8,4029600.0,1041.251401,1001.410485,-32.62874361,31.22706147,-186.3915145,175.9077425
9,4204800.0,1041.251399,1001.410485,-32.62866497,31.22706147,-186.3914315,175.908117
10,4380000.0,1041.251397,1001.410484,-32.62858061,31.22706147,-186.3913282,175.908458
11,4555200.0,1041.251395,1001.410484,-32.62849176,31.22706147,-186.3912423,175.9087694
12,4730400.0,1041.251393,1001.410483,-32.62839938,31.22706147,-186.3911886,175.9090542
13,4905600.0,1041.251391,1001.410483,-32.62830394,31.22706147,-186.3911624,175.9093141
14,5080800.0,1041.251388,1001.410483,-32.62820582,31.22706147,-186.3911578,175.9095504
15,5256000.0,1041.251386,1001.410483,-32.62810533,31.22706147,-186.3911691,175.9097646
16,5431200.0,1041.251383,1001.410483,-32.62797678,31.22706147,-186.3910574,175.9099224
17,5606400.0,1041.251379,1001.410482,-32.62781847,31.22706147,-186.3908095,175.9100213
18,5781600.0,1041.251375,1001.41048,-32.62763199,31.22706147,-186.3904238,175.9100636
19,5956800.0,1041.25137,1001.410478,-32.6274189,31.22706147,-186.3898894,175.910051
20,6132000.0,1041.251365,1001.410474,-32.62718078,31.22706147,-186.3892056,175.9099857
21,6307200.0,1041.251359,1001.410471,-32.62691926,31.22706147,-186.3883773,175.90987
22,6482400.0,1041.251352,1001.410466,-32.62663587,31.22706147,-186.3874119,175.9097062
23,6657600.0,1041.251345,1001.410461,-32.62633212,31.22706147,-186.3863187,175.9094967
24,6832800.0,1041.251338,1001.410456,-32.6260094,31.22706147,-186.3851061,175.9092435
25,7008000.0,1041.25133,1001.41045,-32.625669,31.22706147,-186.3837826,175.908949
26,7183200.0,1041.251322,1001.410443,-32.62531212,31.22706147,-186.3823553,175.908615
27,7358400.0,1041.251313,1001.410436,-32.62493988,31.22706147,-186.380831,175.9082433
28,7533600.0,1041.251304,1001.410429,-32.62455328,31.22706147,-186.3792159,175.9078356
29,7708800.0,1041.251295,1001.410421,-32.62415328,31.22706147,-186.3775157,175.9073935
30,7884000.0,1041.251286,1001.410413,-32.62374076,31.22706147,-186.3757357,175.9069185
31,8059200.0,1041.251276,1001.410405,-32.62331652,31.22706147,-186.3738806,175.906412
32,8234400.0,1041.251266,1001.410396,-32.62288132,31.22706147,-186.3719551,175.9058756
33,8409600.0,1041.251256,1001.410387,-32.62243585,31.22706147,-186.3699632,175.9053109
34,8584800.0,1041.251245,1001.410378,-32.62198075,31.22706147,-186.3679089,175.9047191
35,8760000.0,1041.251234,1001.410368,-32.62151663,31.22706147,-186.3657957,175.9041011
36,8935200.0,1041.251224,1001.410358,-32.62104418,31.22706147,-186.3636344,175.9034584
37,9110400.0,1041.251212,1001.410348,-32.62056404,31.22706147,-186.3614326,175.9027922
38,9285600.0,1041.251201,1001.410338,-32.62007672,31.22706147,-186.3591924,175.9021034
39,9460800.0,1041.25119,1001.410328,-32.61958266,31.22706147,-186.3569152,175.9013929
40,9636000.0,1041.251178,1001.410317,-32.61908226,31.22706147,-186.3546022,175.9006614
41,9811200.0,1041.251167,1001.410307,-32.6185759,31.22706147,-186.3522548,175.8999097
42,9986400.0,1041.251155,1001.410296,-32.61806393,31.22706147,-186.349874,175.8991383
43,10161600.0,1041.251143,1001.410285,-32.61754668,31.22706147,-186.3474609,175.8983481
44,10336800.0,1041.251131,1001.410274,-32.61702443,31.22706147,-186.3450168,175.8975395
45,10512000.0,1041.251119,1001.410263,-32.61649748,31.22706147,-186.3425425,175.8967132
46,10687200.0,1041.251106,1001.410251,-32.61593996,31.22706147,-186.3399047,175.8958346
47,10862400.0,1041.251093,1001.410238,-32.61535018,31.22706147,-186.3370954,175.8949006
48,11037600.0,1041.251078,1001.410224,-32.61472989,31.22706147,-186.3341244,175.8939132
49,11212800.0,1041.251063,1001.41021,-32.61408109,31.22706147,-186.3310056,175.8928749
50,11388000.0,1041.251048,1001.410195,-32.61340577,31.22706147,-186.327753,175.8917882
51,11563200.0,1041.251032,1001.41018,-32.61270568,31.22706147,-186.3243758,175.8906553
52,11738400.0,1041.251015,1001.410164,-32.61198246,31.22706147,-186.3208817,175.8894783
53,11913600.0,1041.250998,1001.410148,-32.61123761,31.22706147,-186.3172779,175.8882589
54,12088800.0,1041.25098,1001.410131,-32.61047252,31.22706147,-186.3135707,175.8869991
55,12264000.0,1041.250962,1001.410114,-32.60968849,31.22706147,-186.3097661,175.8857003
56,12439200.0,1041.250944,1001.410096,-32.6088867,31.22706147,-186.3058694,175.8843642
57,12614400.0,1041.250925,1001.410078,-32.60806826,31.22706147,-186.3018858,175.8829921
58,12789600.0,1041.250906,1001.41006,-32.60723419,31.22706147,-186.2978196,175.8815853
59,12964800.0,1041.250886,1001.410041,-32.60638543,31.22706147,-186.2936753,175.8801451
60,13140000.0,1041.250866,1001.410022,-32.60552286,31.22706147,-186.2894566,175.8786727
61,13315200.0,1041.250847,1001.410003,-32.60470047,31.22706147,-186.2854407,175.8772406
62,13490400.0,1041.25083,1001.409986,-32.60392277,31.22706147,-186.2816485,175.875857
63,13665600.0,1041.250813,1001.40997,-32.60318748,31.22706147,-186.2780749,175.8745203
64,13840800.0,1041.250797,1001.409955,-32.60249181,31.22706147,-186.2747117,175.873228
65,14016000.0,1041.250782,1001.40994,-32.60183292,31.22706147,-186.2715406,175.8719772
66,14191200.0,1041.250767,1001.409927,-32.60120811,31.22706147,-186.2685444,175.8707651
67,14366400.0,1041.250753,1001.409914,-32.60061489,31.22706147,-186.2657074,175.869589
68,14541600.0,1041.250741,1001.409901,-32.60005096,31.22706147,-186.2630156,175.8684468
69,14716800.0,1041.250728,1001.40989,-32.5995142,31.22706147,-186.2604562,175.8673359
70,14892000.0,1041.250716,1001.409879,-32.59900266,31.22706147,-186.2580185,175.8662547
71,15067200.0,1041.250705,1001.409868,-32.59851455,31.22706147,-186.2556922,175.8652011
72,15242400.0,1041.250694,1001.409858,-32.59804824,31.22706147,-186.2534684,175.8641735
73,15417600.0,1041.250684,1001.409849,-32.59760572,31.22706147,-186.2513573,175.8631812
74,15592800.0,1041.250675,1001.40984,-32.59721121,31.22706147,-186.2494824,175.8623018
75,15768000.0,1041.250667,1001.409833,-32.59686668,31.22706147,-186.2478554,175.8615437
76,15943200.0,1041.25066,1001.409826,-32.59654322,31.22706147,-186.2463304,175.8608699
77,16118400.0,1041.250653,1001.409819,-32.59624126,31.22706147,-186.2449457,175.860361
78,16293600.0,1041.250647,1001.409814,-32.59597324,31.22706147,-186.2438589,175.8602448
79,16468800.0,1041.250642,1001.409811,-32.59575285,31.22706147,-186.2431598,175.8605491
80,16644000.0,1041.250638,1001.40981,-32.59559502,31.22706147,-186.2429414,175.8613057
81,16819200.0,1041.250636,1001.409812,-32.59551538,31.22706147,-186.2434266,175.8628171
82,16994400.0,1041.250636,1001.409818,-32.59551479,31.22706147,-186.2446676,175.8650905
83,17169600.0,1041.250638,1001.409827,-32.59558985,31.22706147,-186.2466731,175.8680903
84,17344800.0,1041.250641,1001.40984,-32.59573846,31.22706147,-186.2495599,175.8717822
85,17520000.0,1041.250646,1001.409858,-32.59595832,31.22706147,-186.2534015,175.8761294
86,17695200.0,1041.250653,1001.409879,-32.59624548,31.22706147,-186.2581666,175.8810185
87,17870400.0,1041.250661,1001.409905,-32.59659564,31.22706147,-186.2638103,175.8863972
88,18045600.0,1041.25067,1001.409935,-32.59700453,31.22706147,-186.2702967,175.892321
89,18220800.0,1041.250681,1001.409968,-32.59746476,31.22706147,-186.277571,175.8987365
90,18396000.0,1041.250692,1001.410004,-32.59796335,31.22706147,-186.2855324,175.905534
91,18571200.0,1041.250705,1001.410043,-32.59851323,31.22706147,-186.2941846,175.9125774
92,18746400.0,1041.250719,1001.410085,-32.59910662,31.22706147,-186.3034268,175.9197515
93,18921600.0,1041.250733,1001.410129,-32.59973132,31.22706147,-186.3131268,175.9269468
94,19096800.0,1041.250748,1001.410175,-32.60037894,31.22706147,-186.3231715,175.9341029
95,19272000.0,1041.250763,1001.410221,-32.6010426,31.22706147,-186.3334487,175.9411335
96,19447200.0,1041.250779,1001.41027,-32.60173344,31.22706147,-186.344182,175.9482283
97,19622400.0,1041.250796,1001.410322,-32.60246303,31.22706147,-186.355511,175.9557656
98,19797600.0,1041.250815,1001.410379,-32.60329385,31.22706147,-186.368145,175.963889
99,19972800.0,1041.25084,1001.410488,-32.60436567,31.22706147,-186.3921974,176.0367978
100,20148000.0,1041.250872,1001.410658,-32.60576596,31.22706147,-186.4295823,176.101451
101,20323200.0,1041.250912,1001.41088,-32.60749362,31.22706147,-186.4785857,176.1584603
102,20498400.0,1041.250958,1001.411143,-32.60951021,31.22706147,-186.5363677,176.2092048
103,20673600.0,1041.25101,1001.411436,-32.61178165,31.22706147,-186.6009651,176.2578888
104,20848800.0,1041.251068,1001.411748,-32.6142697,31.22706147,-186.6697841,176.2976906
105,21024000.0,1041.251129,1001.412072,-32.61694016,31.22706147,-186.741202,176.333805
106,21199200.0,1041.251194,1001.412403,-32.6197423,31.22706147,-186.8142431,176.3686479
107,21374400.0,1041.25126,1001.412738,-32.62264252,31.22706147,-186.8878938,176.4020804
108,21549600.0,1041.251329,1001.413069,-32.625613,31.22706147,-186.9608798,176.4303232
109,21724800.0,1041.251398,1001.413392,-32.62863318,31.22706147,-187.0321275,176.4529404
110,21900000.0,1041.251469,1001.413706,-32.63169262,31.22706147,-187.1015486,176.4748926
111,22075200.0,1041.25154,1001.414013,-32.63478851,31.22706147,-187.1691777,176.4961946
112,22250400.0,1041.251612,1001.414311,-32.63790987,31.22706147,-187.2348483,176.5168199
113,22425600.0,1041.251684,1001.414601,-32.64106595,31.22706147,-187.2989186,176.5366476
114,22600800.0,1041.251757,1001.414883,-32.64424379,31.22706147,-187.3610891,176.555652
115,22776000.0,1041.25183,1001.415153,-32.64742747,31.22706147,-187.420705,176.5700782
116,22951200.0,1041.251904,1001.41541,-32.65060561,31.22706147,-187.4773926,176.5808868
117,23126400.0,1041.25198,1001.415654,-32.65393595,31.22706147,-187.5314239,176.5916869
118,23301600.0,1041.252063,1001.415888,-32.65754785,31.22706147,-187.5831256,176.6026652
119,23476800.0,1041.252151,1001.416112,-32.66138144,31.22706147,-187.6325751,176.6137351
120,23652000.0,1041.252243,1001.416326,-32.66537321,31.22706147,-187.6796859,176.6247942
121,23827200.0,1041.252338,1001.416528,-32.66949837,31.22706147,-187.7244269,176.6357802
122,24002400.0,1041.252435,1001.41672,-32.67371796,31.22706147,-187.7667333,176.6466338
123,24177600.0,1041.252534,1001.416901,-32.67802409,31.22706147,-187.8068151,176.6573574
124,24352800.0,1041.252634,1001.417074,-32.68237589,31.22706147,-187.8449066,176.6678798
125,24528000.0,1041.252735,1001.417238,-32.68677293,31.22706147,-187.8811764,176.6781825
126,24703200.0,1041.252837,1001.417394,-32.69121478,31.22706147,-187.9157515,176.6882835
127,24878400.0,1041.25294,1001.417542,-32.69569759,31.22706147,-187.9484388,176.6954162
128,25053600.0,1041.253044,1001.417681,-32.70021741,31.22706147,-187.9791515,176.7001996
129,25228800.0,1041.253149,1001.417812,-32.70476858,31.22706147,-188.0081171,176.7051598
130,25404000.0,1041.253254,1001.417936,-32.70934431,31.22706147,-188.0355265,176.7102816
131,25579200.0,1041.253359,1001.418054,-32.71393744,31.22706147,-188.0615054,176.7155321
132,25754400.0,1041.253465,1001.418165,-32.71853618,31.22706147,-188.0860425,176.720847
133,25929600.0,1041.253571,1001.41827,-32.72313029,31.22706147,-188.1091908,176.7261926
134,26104800.0,1041.253675,1001.418368,-32.72768328,31.22706147,-188.1308759,176.7314902
135,26280000.0,1041.253778,1001.418459,-32.7321514,31.22706147,-188.1509904,176.7366571
136,26455200.0,1041.253877,1001.418541,-32.73644495,31.22706147,-188.1691143,176.7415541
137,26630400.0,1041.253971,1001.418614,-32.74055624,31.22706147,-188.1853106,176.7461686
138,26805600.0,1041.254062,1001.418679,-32.74449257,31.22706147,-188.1997611,176.7505145
139,26980800.0,1041.254148,1001.418738,-32.7482617,31.22706147,-188.2126366,176.7546051
140,27156000.0,1041.254231,1001.418789,-32.75187097,31.22706147,-188.2240962,176.7584533
141,27331200.0,1041.25431,1001.418835,-32.75532719,31.22706147,-188.2342802,176.7620708
142,27506400.0,1041.254386,1001.418876,-32.75863641,31.22706147,-188.243307,176.7654675
143,27681600.0,1041.254459,1001.418912,-32.76180406,31.22706147,-188.2512765,176.7686533
144,27856800.0,1041.254529,1001.418944,-32.76483554,31.22706147,-188.2582817,176.7716361
145,28032000.0,1041.254595,1001.418972,-32.76773612,31.22706147,-188.2644049,176.7744158
146,28207200.0,1041.254659,1001.418996,-32.77051065,31.22706147,-188.2697164,176.7769717
147,28382400.0,1041.25472,1001.419016,-32.77316486,31.22706147,-188.2742823,176.7793154
148,28557600.0,1041.254781,1001.419034,-32.77581887,31.22706147,-188.2782261,176.7815893
149,28732800.0,1041.254842,1001.419049,-32.7784875,31.22706147,-188.2815828,176.7838183
150,28908000.0,1041.254903,1001.419062,-32.78114012,31.22706147,-188.284367,176.7859742
151,29083200.0,1041.254965,1001.419073,-32.78383906,31.22706147,-188.2868855,176.7870111
152,29258400.0,1041.255028,1001.419083,-32.78656628,31.22706147,-188.2890199,176.7861459
153,29433600.0,1041.25509,1001.419091,-32.78929182,31.22706147,-188.2908521,176.7854689
154,29608800.0,1041.255153,1001.419098,-32.7919999,31.22706147,-188.2924507,176.7849538
155,29784000.0,1041.255214,1001.419105,-32.79467018,31.22706147,-188.2938557,176.7845675
156,29959200.0,1041.255275,1001.419111,-32.79735531,31.22706147,-188.2951483,176.7843598
157,30134400.0,1041.255338,1001.419116,-32.80007233,31.22706147,-188.2963342,176.7843328
158,30309600.0,1041.255401,1001.419121,-32.80282268,31.22706147,-188.2973566,176.7844689
159,30484800.0,1041.255465,1001.419124,-32.80559693,31.22706147,-188.2981445,176.7847392
160,30660000.0,1041.255529,1001.419127,-32.80838597,31.22706147,-188.2986619,176.7851214
161,30835200.0,1041.255593,1001.419128,-32.81118195,31.22706147,-188.2989016,176.7855986
162,31010400.0,1041.255657,1001.419128,-32.81397727,31.22706147,-188.298874,176.7861535
163,31185600.0,1041.255721,1001.419126,-32.81676532,31.22706147,-188.2985955,176.7867724
164,31360800.0,1041.255785,1001.419124,-32.81953981,31.22706147,-188.2980753,176.7874422
165,31536000.0,1041.255848,1001.419121,-32.8223135,31.22706147,-188.2974493,176.7881812
166,31711200.0,1041.255912,1001.419118,-32.82508731,31.22706147,-188.2967885,176.7889926
167,31886400.0,1041.255975,1001.419115,-32.82783939,31.22706147,-188.2960205,176.7898442
168,32061600.0,1041.256038,1001.419111,-32.83056192,31.22706147,-188.2951635,176.7907265
169,32236800.0,1041.256099,1001.419107,-32.83324576,31.22706147,-188.2942443,176.791629
170,32412000.0,1041.25616,1001.419102,-32.8358841,31.22706147,-188.293286,176.7925423
171,32587200.0,1041.256219,1001.419098,-32.83847336,31.22706147,-188.2923124,176.7934628
172,32762400.0,1041.256277,1001.419093,-32.84101103,31.22706147,-188.2913436,176.7943873
173,32937600.0,1041.256334,1001.419089,-32.84349154,31.22706147,-188.2903925,176.7953086
174,33112800.0,1041.25639,1001.419085,-32.84590897,31.22706147,-188.2894674,176.7962188
175,33288000.0,1041.256444,1001.419081,-32.84826042,31.22706147,-188.2885747,176.7971131
176,33463200.0,1041.256496,1001.419077,-32.85054507,31.22706147,-188.287715,176.7979868
177,33638400.0,1041.256547,1001.419073,-32.85276412,31.22706147,-188.286889,176.7988381
178,33813600.0,1041.256596,1001.41907,-32.85491949,31.22706147,-188.2860989,176.7996673
179,33988800.0,1041.256645,1001.419066,-32.85701303,31.22706147,-188.2853475,176.8004751
180,34164000.0,1041.256691,1001.419063,-32.85904929,31.22706147,-188.2846421,176.8012665
181,34339200.0,1041.256737,1001.41906,-32.86105117,31.22706147,-188.2840012,176.8020603
182,34514400.0,1041.256782,1001.419058,-32.86301137,31.22706147,-188.2834011,176.8028336
183,34689600.0,1041.256826,1001.419055,-32.86492297,31.22706147,-188.2828154,176.8035778
184,34864800.0,1041.256869,1001.419052,-32.86678666,31.22706147,-188.2822461,176.8042938
185,35040000.0,1041.25691,1001.41905,-32.86860419,31.22706147,-188.2816925,176.8049839
186,35215200.0,1041.256951,1001.419047,-32.87037711,31.22706147,-188.2811476,176.8056494
187,35390400.0,1041.256991,1001.419045,-32.87210235,31.22706147,-188.2806168,176.8062866
188,35565600.0,1041.257029,1001.419043,-32.87377014,31.22706147,-188.2800979,176.8068832
189,35740800.0,1041.257066,1001.41904,-32.87537427,31.22706147,-188.2795845,176.8074306
190,35916000.0,1041.257101,1001.419038,-32.87691638,31.22706147,-188.2790679,176.8079303
191,36091200.0,1041.257135,1001.419036,-32.87839685,31.22706147,-188.2785367,176.808382
192,36266400.0,1041.257168,1001.419033,-32.87981688,31.22706147,-188.2779822,176.8087865
193,36441600.0,1041.257199,1001.41903,-32.88118133,31.22706147,-188.277403,176.8091496
194,36616800.0,1041.257229,1001.419028,-32.8824947,31.22706147,-188.2768021,176.8094769
195,36792000.0,1041.257258,1001.419025,-32.88376156,31.22706147,-188.2761871,176.8097741
196,36967200.0,1041.257286,1001.419022,-32.8849894,31.22706147,-188.2755631,176.8100507
197,37142400.0,1041.257314,1001.419019,-32.88618343,31.22706147,-188.2749348,176.8103124
198,37317600.0,1041.25734,1001.419016,-32.88734429,31.22706147,-188.274308,176.8105605
199,37492800.0,1041.257366,1001.419014,-32.88847505,31.22706147,-188.2736919,176.8107987
200,37668000.0,1041.257391,1001.419011,-32.88957886,31.22706147,-188.2730953,176.8110311
201,37843200.0,1041.257416,1001.419008,-32.8906585,31.22706147,-188.2725258,176.8112609
202,38018400.0,1041.25744,1001.419006,-32.89171645,31.22706147,-188.2719892,176.8114914
203,38193600.0,1041.257464,1001.419004,-32.89275493,31.22706147,-188.2714874,176.8117129
204,38368800.0,1041.257488,1001.419002,-32.89377614,31.22706147,-188.2710226,176.8119273
205,38544000.0,1041.257511,1001.419,-32.89478195,31.22706147,-188.2705984,176.8121388
206,38719200.0,1041.257533,1001.418998,-32.89577371,31.22706147,-188.2702184,176.8123509
207,38894400.0,1041.257556,1001.418996,-32.89675285,31.22706147,-188.269885,176.8125662
208,39069600.0,1041.257578,1001.418995,-32.89772049,31.22706147,-188.2695995,176.8127869
209,39244800.0,1041.2576,1001.418994,-32.89867686,31.22706147,-188.2693589,176.8130123
210,39420000.0,1041.257622,1001.418993,-32.89962127,31.22706147,-188.2691496,176.813239
211,39595200.0,1041.257643,1001.418992,-32.90055051,31.22706147,-188.2689463,176.8134599
212,39770400.0,1041.257664,1001.418991,-32.90146228,31.22706147,-188.2687285,176.8136754
213,39945600.0,1041.257684,1001.41899,-32.90235447,31.22706147,-188.2684694,176.8138847
214,40120800.0,1041.257704,1001.418989,-32.90322518,31.22706147,-188.2681452,176.8140806
215,40296000.0,1041.257724,1001.418987,-32.90407196,31.22706147,-188.2677334,176.8142569
216,40471200.0,1041.257743,1001.418984,-32.90489219,31.22706147,-188.2672189,176.8144082
217,40646400.0,1041.257761,1001.418982,-32.90568352,31.22706147,-188.2665911,176.8145294
218,40821600.0,1041.257778,1001.418978,-32.90644519,31.22706147,-188.2658432,176.8146178
219,40996800.0,1041.257795,1001.418974,-32.90717562,31.22706147,-188.2649718,176.8146708
220,41172000.0,1041.257811,1001.41897,-32.90789525,31.22706147,-188.2640856,176.8147611
221,41347200.0,1041.257828,1001.418966,-32.90860832,31.22706147,-188.2632053,176.8149008
222,41522400.0,1041.257844,1001.418962,-32.90932251,31.22706147,-188.2623527,176.8147245
223,41697600.0,1041.257861,1001.418959,-32.91004154,31.22706147,-188.2615482,176.8142875
224,41872800.0,1041.257877,1001.418955,-32.91076361,31.22706147,-188.2608054,176.8141498
225,42048000.0,1041.257894,1001.418952,-32.91148664,31.22706147,-188.2601468,176.8142858
226,42223200.0,1041.25791,1001.41895,-32.91220851,31.22706147,-188.2595826,176.8146659
227,42398400.0,1041.257927,1001.418948,-32.91292831,31.22706147,-188.2591214,176.815265
228,42573600.0,1041.257943,1001.418946,-32.91364343,31.22706147,-188.258744,176.8160079
229,42748800.0,1041.257959,1001.418945,-32.91435422,31.22706147,-188.2584796,176.8170101
230,42924000.0,1041.257976,1001.418944,-32.91506275,31.22706147,-188.2583668,176.8183227
231,43099200.0,1041.257992,1001.418945,-32.91576962,31.22706147,-188.2584315,176.8199146
232,43274400.0,1041.258008,1001.418946,-32.91647541,31.22706147,-188.2586922,176.8217561
233,43449600.0,1041.258024,1001.418948,-32.91717705,31.22706147,-188.2591365,176.8237567
234,43624800.0,1041.25804,1001.418951,-32.91787473,31.22706147,-188.2597652,176.8258981
235,43800000.0,1041.258056,1001.418954,-32.91856792,31.22706147,-188.2605596,176.8281254
236,43975200.0,1041.258072,1001.418964,-32.91925794,31.22706147,-188.2626917,176.8406798
237,44150400.0,1041.258088,1001.418982,-32.91994679,31.22706147,-188.2665875,176.8581489
238,44325600.0,1041.258103,1001.419005,-32.92063591,31.22706147,-188.2718713,176.8740487
239,44500800.0,1041.258119,1001.419034,-32.92132604,31.22706147,-188.2782836,176.8890127
240,44676000.0,1041.258135,1001.419067,-32.92201791,31.22706147,-188.2856024,176.9031001
241,44851200.0,1041.258152,1001.419105,-32.92273999,31.22706147,-188.2939895,176.9164891
242,45026400.0,1041.25817,1001.419152,-32.92354532,31.22706147,-188.3043993,176.9294883
243,45201600.0,1041.258191,1001.419212,-32.92445885,31.22706147,-188.3176313,176.942211
244,45376800.0,1041.258215,1001.419284,-32.92548602,31.22706147,-188.333495,176.9548987
245,45552000.0,1041.258241,1001.419366,-32.92662013,31.22706147,-188.351522,176.9675681
246,45727200.0,1041.258269,1001.419453,-32.92785386,31.22706147,-188.3709515,176.9769087
247,45902400.0,1041.258299,1001.419546,-32.92918495,31.22706147,-188.3914801,176.9853872
248,46077600.0,1041.258332,1001.419643,-32.93061338,31.22706147,-188.4129969,176.9942324
249,46252800.0,1041.258367,1001.419745,-32.93214037,31.22706147,-188.4354673,177.0036716
250,46428000.0,1041.258404,1001.419851,-32.93376222,31.22706147,-188.4588403,177.0136528
251,46603200.0,1041.258444,1001.41996,-32.93547619,31.22706147,-188.4830437,177.0241274
252,46778400.0,1041.258485,1001.420074,-32.93728071,31.22706147,-188.5082936,177.037303
253,46953600.0,1041.258528,1001.420208,-32.93916651,31.22706147,-188.5377763,177.0807254
254,47128800.0,1041.258573,1001.420364,-32.94112036,31.22706147,-188.572433,177.1390038
255,47304000.0,1041.258619,1001.420543,-32.9431325,31.22706147,-188.6120095,177.2017611
256,47479200.0,1041.258667,1001.420742,-32.94521241,31.22706147,-188.6559477,177.2648713
257,47654400.0,1041.258716,1001.420957,-32.94737885,31.22706147,-188.7037284,177.3265004
258,47829600.0,1041.258768,1001.421189,-32.94963782,31.22706147,-188.7548992,177.3869679
259,48004800.0,1041.258822,1001.421434,-32.9519991,31.22706147,-188.8091503,177.4464267
260,48180000.0,1041.25888,1001.42171,-32.9545139,31.22706147,-188.8703232,177.53235
261,48355200.0,1041.258942,1001.422022,-32.95723132,31.22706147,-188.9394638,177.6193088
262,48530400.0,1041.259009,1001.422377,-32.96016555,31.22706147,-189.0181138,177.7227466
263,48705600.0,1041.259082,1001.422775,-32.96332036,31.22706147,-189.1062965,177.8353194
264,48880800.0,1041.259159,1001.423209,-32.9666875,31.22706147,-189.2023882,177.943673
265,49056000.0,1041.259241,1001.423674,-32.97027641,31.22706147,-189.3052795,178.0481245
266,49231200.0,1041.259328,1001.424163,-32.97409195,31.22706147,-189.4137876,178.1489322
267,49406400.0,1041.259422,1001.424679,-32.97819203,31.22706147,-189.5280735,178.2468313
268,49581600.0,1041.259524,1001.425226,-32.98263356,31.22706147,-189.6494218,178.3421073
269,49756800.0,1041.259635,1001.4258,-32.98748949,31.22706147,-189.7767882,178.4346913
270,49932000.0,1041.259756,1001.426398,-32.99277548,31.22706147,-189.9093478,178.5239308
271,50107200.0,1041.259886,1001.42701,-32.99843072,31.22706147,-190.0452127,178.6039739
272,50282400.0,1041.260025,1001.427629,-33.00451869,31.22706147,-190.1827488,178.6741608
273,50457600.0,1041.260177,1001.428248,-33.01113012,31.22706147,-190.3201348,178.7298719
274,50632800.0,1041.260341,1001.428862,-33.01832326,31.22706147,-190.4565587,178.7792875
275,50808000.0,1041.260522,1001.429465,-33.02620902,31.22706147,-190.5905823,178.8161515
276,50983200.0,1041.260717,1001.430057,-33.03474029,31.22706147,-190.722068,178.8505151
277,51158400.0,1041.260925,1001.430631,-33.04381751,31.22706147,-190.8497549,178.8812495
278,51333600.0,1041.261144,1001.431183,-33.05338337,31.22706147,-190.9725236,178.9061664
279,51508800.0,1041.261372,1001.43171,-33.06335715,31.22706147,-191.089736,178.92743
280,51684000.0,1041.261608,1001.432213,-33.07367485,31.22706147,-191.2015647,178.9499107
281,51859200.0,1041.261851,1001.432688,-33.08429843,31.22706147,-191.3073415,178.9657255
282,52034400.0,1041.262101,1001.433139,-33.09522023,31.22706147,-191.4075322,178.9827597
283,52209600.0,1041.262356,1001.433565,-33.1063553,31.22706147,-191.5024792,178.9995719
284,52384800.0,1041.262617,1001.433982,-33.11776991,31.22706147,-191.5953322,179.0124988
285,52560000.0,1041.262889,1001.434379,-33.12965339,31.22706147,-191.6837976,179.0271012
286,52735200.0,1041.263169,1001.434755,-33.14192783,31.22706147,-191.7673615,179.0411525
287,52910400.0,1041.263456,1001.435107,-33.15446408,31.22706147,-191.8458137,179.0514795
288,53085600.0,1041.263752,1001.435439,-33.1674036,31.22706147,-191.9199241,179.0634135
289,53260800.0,1041.264055,1001.435754,-33.18069969,31.22706147,-191.9900721,179.0767296
290,53436000.0,1041.264365,1001.43605,-33.19425144,31.22706147,-192.0560224,179.0911269
291,53611200.0,1041.264678,1001.436329,-33.20796794,31.22706147,-192.1181277,179.1064401
292,53786400.0,1041.264994,1001.43659,-33.22178125,31.22706147,-192.1764831,179.1192841
293,53961600.0,1041.265308,1001.436836,-33.23555136,31.22706147,-192.2312191,179.1307691
294,54136800.0,1041.26562,1001.437067,-33.24920273,31.22706147,-192.2826766,179.1430347
295,54312000.0,1041.265928,1001.437284,-33.2626861,31.22706147,-192.3312204,179.1559572
296,54487200.0,1041.266231,1001.437488,-33.27596599,31.22706147,-192.3767251,179.1662928
297,54662400.0,1041.266528,1001.437678,-33.28897911,31.22706147,-192.4190171,179.1749595
298,54837600.0,1041.266818,1001.437853,-33.30170193,31.22706147,-192.4580859,179.1842179
299,55012800.0,1041.267101,1001.438015,-33.31409386,31.22706147,-192.4942012,179.1940612
300,55188000.0,1041.267375,1001.438165,-33.3261038,31.22706147,-192.5276827,179.204288
301,55363200.0,1041.26764,1001.438304,-33.33772284,31.22706147,-192.5587388,179.214767
302,55538400.0,1041.267896,1001.438434,-33.34893544,31.22706147,-192.5876257,179.225407
303,55713600.0,1041.268142,1001.438554,-33.35974441,31.22706147,-192.6145663,179.2361185
304,55888800.0,1041.268379,1001.438667,-33.37014436,31.22706147,-192.6397658,179.2468271
305,56064000.0,1041.268608,1001.438774,-33.38016226,31.22706147,-192.6634924,179.2575237
306,56239200.0,1041.268829,1001.438875,-33.38985778,31.22706147,-192.6861254,179.2682978
307,56414400.0,1041.269042,1001.438971,-33.39922085,31.22706147,-192.7076535,179.2789702
308,56589600.0,1041.269248,1001.439061,-33.40826195,31.22706147,-192.7277376,179.2859351
309,56764800.0,1041.269447,1001.439145,-33.41696697,31.22706147,-192.746447,179.2930612
310,56940000.0,1041.269636,1001.439222,-33.42528339,31.22706147,-192.7636336,179.3001363
311,57115200.0,1041.269816,1001.439291,-33.43319328,31.22706147,-192.7790381,179.30704
312,57290400.0,1041.269988,1001.439352,-33.44071201,31.22706147,-192.7927098,179.3138566
313,57465600.0,1041.27015,1001.439407,-33.44785714,31.22706147,-192.804866,179.3206364
314,57640800.0,1041.270305,1001.439456,-33.4546532,31.22706147,-192.8157669,179.3273847
315,57816000.0,1041.270452,1001.439498,-33.46112365,31.22706147,-192.8251973,179.3306601
316,57991200.0,1041.270593,1001.439535,-33.46728917,31.22706147,-192.8333563,179.3340605
317,58166400.0,1041.270727,1001.439566,-33.47316953,31.22706147,-192.8404099,179.3376063
318,58341600.0,1041.270855,1001.439596,-33.478784,31.22706147,-192.8469853,179.3453209
319,58516800.0,1041.270977,1001.439636,-33.48415066,31.22706147,-192.855937,179.3771275
320,58692000.0,1041.271094,1001.439683,-33.48929281,31.22706147,-192.8664362,179.4039452
321,58867200.0,1041.271206,1001.439735,-33.49423284,31.22706147,-192.8781772,179.4294831
322,59042400.0,1041.271314,1001.439792,-33.49897592,31.22706147,-192.8908966,179.4538483
323,59217600.0,1041.271418,1001.439853,-33.50352254,31.22706147,-192.9043643,179.4770764
324,59392800.0,1041.271517,1001.439915,-33.50787562,31.22706147,-192.9183832,179.4992072
325,59568000.0,1041.271612,1001.43998,-33.51204058,31.22706147,-192.9327849,179.520294
326,59743200.0,1041.271702,1001.440045,-33.51601222,31.22706147,-192.9474169,179.5403588
327,59918400.0,1041.271788,1001.440111,-33.51977392,31.22706147,-192.9621085,179.5593855
328,60093600.0,1041.271868,1001.440176,-33.52331792,31.22706147,-192.9767019,179.5773803
329,60268800.0,1041.271944,1001.440241,-33.52665748,31.22706147,-192.9910753,179.594405
330,60444000.0,1041.272016,1001.440304,-33.52980838,31.22706147,-193.0051405,179.6105223
331,60619200.0,1041.272084,1001.440365,-33.53278309,31.22706147,-193.0188571,179.6257713
332,60794400.0,1041.272148,1001.440425,-33.53559519,31.22706147,-193.032172,179.6401776
333,60969600.0,1041.272208,1001.440482,-33.53825711,31.22706147,-193.0449971,179.6538626
334,61144800.0,1041.272266,1001.440536,-33.54077628,31.22706147,-193.0570698,179.6659339
335,61320000.0,1041.27232,1001.440586,-33.54316009,31.22706147,-193.068117,179.6757795
336,61495200.0,1041.272371,1001.440631,-33.54541299,31.22706147,-193.078119,179.685103
337,61670400.0,1041.272419,1001.440671,-33.54754129,31.22706147,-193.0871013,179.6939139
338,61845600.0,1041.272465,1001.440707,-33.54955345,31.22706147,-193.0951032,179.702232
339,62020800.0,1041.272509,1001.440738,-33.55145828,31.22706147,-193.1021833,179.7100828
340,62196000.0,1041.27255,1001.440766,-33.553273,31.22706147,-193.1084626,179.7175103
341,62371200.0,1041.272589,1001.440791,-33.55501308,31.22706147,-193.1140511,179.7245431
342,62546400.0,1041.272627,1001.440813,-33.55667364,31.22706147,-193.1188565,179.7301235
343,62721600.0,1041.272663,1001.440831,-33.55825283,31.22706147,-193.122843,179.7344418
344,62896800.0,1041.272697,1001.440845,-33.55974971,31.22706147,-193.1260979,179.7384851
345,63072000.0,1041.272729,1001.440857,-33.561166,31.22706147,-193.1286959,179.7422462
