time,EXTIN,INFLOW,FROMMVR,GWF,OUTFLOW,EXTOUT,TOMVR
2628000.000000,0.000000000,174.5281063,0.000000000,-1.375192948,0.000000000,-0.1068924007E-06,-175.9032992
2803200.000000,0.000000000,174.5280956,0.000000000,-1.375921030,0.000000000,-0.5523162372E-08,-175.9040166
2978400.000000,0.000000000,174.5280739,0.000000000,-1.376608914,0.000000000,-0.5602061037E-08,-175.9046829
3153600.000000,0.000000000,174.5280420,0.000000000,-1.377258386,0.000000000,-0.5690765192E-08,-175.9053004
3328800.000000,0.000000000,174.5280007,0.000000000,-1.377871190,0.000000000,-0.5779583034E-08,-175.9058718
3504000.000000,0.000000000,174.5279505,0.000000000,-1.378449003,0.000000000,-0.5828837857E-08,-175.9063995
3679200.000000,0.000000000,174.5278924,0.000000000,-1.378993421,0.000000000,-0.5897874189E-08,-175.9068858
3854400.000000,0.000000000,174.5278268,0.000000000,-1.379505969,0.000000000,-0.5947185855E-08,-175.9073327
4029600.000000,0.000000000,174.5277544,0.000000000,-1.379988097,0.000000000,-0.5996554364E-08,-175.9077425
4204800.000000,0.000000000,174.5276758,0.000000000,-1.380441191,0.000000000,-0.6035975275E-08,-175.9081170
4380000.000000,0.000000000,174.5275914,0.000000000,-1.380866568,0.000000000,-0.6095149274E-08,-175.9084580
4555200.000000,0.000000000,174.5275026,0.000000000,-1.381266840,0.000000000,-0.5730186103E-08,-175.9087694
4730400.000000,0.000000000,174.5274103,0.000000000,-1.381643992,0.000000000,-0.2031669055E-08,-175.9090542
4905600.000000,0.000000000,174.5273148,0.000000000,-1.381999257,0.000000000,-0.6815099596E-08,-175.9093141
5080800.000000,0.000000000,174.5272168,0.000000000,-1.382333692,0.000000000,-0.6390962426E-08,-175.9095504
5256000.000000,0.000000000,174.5271163,0.000000000,-1.382648272,0.000000000,-0.6026056099E-08,-175.9097646
5431200.000000,0.000000000,174.5269878,0.000000000,-1.382934587,0.000000000,-0.6114817097E-08,-175.9099224
5606400.000000,0.000000000,174.5268295,0.000000000,-1.383191814,0.000000000,-0.5256737268E-08,-175.9100213
5781600.000000,0.000000000,174.5266431,0.000000000,-1.383420505,0.000000000,-0.2988343795E-08,-175.9100636
5956800.000000,0.000000000,174.5264301,0.000000000,-1.383620947,0.000000000,-0.6962977750E-08,-175.9100510
6132000.000000,0.000000000,174.5261920,0.000000000,-1.383793682,0.000000000,-0.4359208106E-08,-175.9099857
6307200.000000,0.000000000,174.5259306,0.000000000,-1.383939425,0.000000000,-0.4319758773E-08,-175.9098700
6482400.000000,0.000000000,174.5256473,0.000000000,-1.384058954,0.000000000,-0.3836504447E-08,-175.9097062
6657600.000000,0.000000000,174.5253436,0.000000000,-1.384153103,0.000000000,-0.3737795851E-08,-175.9094967
6832800.000000,0.000000000,174.5250210,0.000000000,-1.384222577,0.000000000,-0.3619476274E-08,-175.9092435
7008000.000000,0.000000000,174.5246807,0.000000000,-1.384268369,0.000000000,-0.3432120366E-08,-175.9089490
7183200.000000,0.000000000,174.5243239,0.000000000,-1.384291123,0.000000000,-0.3136193527E-08,-175.9086150
7358400.000000,0.000000000,174.5239518,0.000000000,-1.384291551,0.000000000,-0.2810736532E-08,-175.9082433
7533600.000000,0.000000000,174.5235653,0.000000000,-1.384270329,0.000000000,-0.2505061047E-08,-175.9078356
7708800.000000,0.000000000,174.5231654,0.000000000,-1.384228111,0.000000000,-0.2228858875E-08,-175.9073935
7884000.000000,0.000000000,174.5227530,0.000000000,-1.384165519,0.000000000,-0.1962519036E-08,-175.9069185
8059200.000000,0.000000000,174.5223289,0.000000000,-1.384083156,0.000000000,-0.1725823040E-08,-175.9064120
8234400.000000,0.000000000,174.5218938,0.000000000,-1.383981837,0.000000000,-0.3284014838E-08,-175.9058756
8409600.000000,0.000000000,174.5214485,0.000000000,-1.383862495,0.000000000,-0.3254427838E-08,-175.9053109
8584800.000000,0.000000000,174.5209935,0.000000000,-1.383725619,0.000000000,-0.3224869261E-08,-175.9047191
8760000.000000,0.000000000,174.5205295,0.000000000,-1.383571646,0.000000000,-0.3195168574E-08,-175.9041011
8935200.000000,0.000000000,174.5200572,0.000000000,-1.383401250,0.000000000,-0.4349061555E-08,-175.9034584
9110400.000000,0.000000000,174.5195772,0.000000000,-1.383215042,0.000000000,-0.5226695521E-08,-175.9027922
9285600.000000,0.000000000,174.5190900,0.000000000,-1.383013449,0.000000000,-0.5049145102E-08,-175.9021034
9460800.000000,0.000000000,174.5185961,0.000000000,-1.382796849,0.000000000,-0.4881513860E-08,-175.9013929
9636000.000000,0.000000000,174.5180958,0.000000000,-1.382565603,0.000000000,-0.4733493597E-08,-175.9006614
9811200.000000,0.000000000,174.5175896,0.000000000,-1.382320058,0.000000000,-0.4595449354E-08,-175.8999097
9986400.000000,0.000000000,174.5170778,0.000000000,-1.382060546,0.000000000,-0.4467267445E-08,-175.8991383
10161600.00000,0.000000000,174.5165607,0.000000000,-1.381787393,0.000000000,-0.4348862603E-08,-175.8983481
10336800.00000,0.000000000,174.5160386,0.000000000,-1.381500910,0.000000000,-0.4240376938E-08,-175.8975395
10512000.00000,0.000000000,174.5155118,0.000000000,-1.381201399,0.000000000,-0.4121972097E-08,-175.8967132
10687200.00000,0.000000000,174.5149544,0.000000000,-1.380880139,0.000000000,-0.3717701702E-08,-175.8958346
10862400.00000,0.000000000,174.5143648,0.000000000,-1.380535757,0.000000000,-0.3579572194E-08,-175.8949006
11037600.00000,0.000000000,174.5137447,0.000000000,-1.380168456,0.000000000,-0.3382353952E-08,-175.8939132
11212800.00000,0.000000000,174.5130961,0.000000000,-1.379778739,0.000000000,-0.4141611498E-08,-175.8928749
11388000.00000,0.000000000,174.5124210,0.000000000,-1.379367170,0.000000000,-0.4900783779E-08,-175.8917882
11563200.00000,0.000000000,174.5117211,0.000000000,-1.378934183,0.000000000,-0.4634557627E-08,-175.8906553
11738400.00000,0.000000000,174.5109981,0.000000000,-1.378480166,0.000000000,-0.4457064051E-08,-175.8894783
11913600.00000,0.000000000,174.5102535,0.000000000,-1.378005488,0.000000000,-0.4161222478E-08,-175.8882589
12088800.00000,0.000000000,174.5094886,0.000000000,-1.377510502,0.000000000,-0.3884963462E-08,-175.8869991
12264000.00000,0.000000000,174.5087048,0.000000000,-1.376995549,0.000000000,-0.3618680466E-08,-175.8857003
12439200.00000,0.000000000,174.5079032,0.000000000,-1.376460955,0.000000000,-0.3362345069E-08,-175.8843642
12614400.00000,0.000000000,174.5070850,0.000000000,-1.375907037,0.000000000,-0.3145402161E-08,-175.8829921
12789600.00000,0.000000000,174.5062512,0.000000000,-1.375334100,0.000000000,-0.2948155498E-08,-175.8815853
12964800.00000,0.000000000,174.5054027,0.000000000,-1.374742441,0.000000000,-0.2750937256E-08,-175.8801451
13140000.00000,0.000000000,174.5045404,0.000000000,-1.374132345,0.000000000,-0.2583249170E-08,-175.8786727
13315200.00000,0.000000000,174.5037182,0.000000000,-1.373522426,0.000000000,-0.5324238828E-08,-175.8772406
13490400.00000,0.000000000,174.5029407,0.000000000,-1.372916273,0.000000000,-0.2021266710E-08,-175.8758570
13665600.00000,0.000000000,174.5022057,0.000000000,-1.372314605,0.000000000,-0.6882032721E-08,-175.8745203
13840800.00000,0.000000000,174.5015102,0.000000000,-1.371717789,0.000000000,-0.3519801339E-08,-175.8732280
14016000.00000,0.000000000,174.5008515,0.000000000,-1.371125671,0.000000000,-0.4150820132E-08,-175.8719772
14191200.00000,0.000000000,174.5002269,0.000000000,-1.370538186,0.000000000,-0.3352226940E-08,-175.8707651
14366400.00000,0.000000000,174.4996338,0.000000000,-1.369955227,0.000000000,-0.3164814188E-08,-175.8695890
14541600.00000,0.000000000,174.4990701,0.000000000,-1.369376706,0.000000000,-0.2987377457E-08,-175.8684468
14716800.00000,0.000000000,174.4985334,0.000000000,-1.368802494,0.000000000,-0.9957716429E-08,-175.8673359
14892000.00000,0.000000000,174.4980221,0.000000000,-1.368232628,0.000000000,-0.9671765611E-08,-175.8662547
15067200.00000,0.000000000,174.4975341,0.000000000,-1.367667004,0.000000000,-0.9405539458E-08,-175.8652011
15242400.00000,0.000000000,174.4970679,0.000000000,-1.367105579,0.000000000,-0.8094190207E-08,-175.8641735
15417600.00000,0.000000000,174.4966255,0.000000000,-1.366555731,0.000000000,-0.9267466794E-08,-175.8631812
15592800.00000,0.000000000,174.4962311,0.000000000,-1.366070669,0.000000000,-0.1101244607E-07,-175.8623018
15768000.00000,0.000000000,174.4958867,0.000000000,-1.365657019,0.000000000,-0.1035172659E-07,-175.8615437
15943200.00000,0.000000000,174.4955633,0.000000000,-1.365306547,0.000000000,-0.9681343727E-08,-175.8608699
16118400.00000,0.000000000,174.4952615,0.000000000,-1.365099512,0.000000000,-0.1131783733E-07,-175.8603610
16293600.00000,0.000000000,174.4949935,0.000000000,-1.365251293,0.000000000,-0.1601060262E-07,-175.8602448
16468800.00000,0.000000000,174.4947732,0.000000000,-1.365775912,0.000000000,-0.1261909688E-07,-175.8605491
16644000.00000,0.000000000,174.4946154,0.000000000,-1.366690312,0.000000000,-0.1005588501E-07,-175.8613057
16819200.00000,0.000000000,174.4945358,0.000000000,-1.368281296,0.000000000,-0.1610908384E-07,-175.8628171
16994400.00000,0.000000000,174.4945352,0.000000000,-1.370555270,0.000000000,-0.1535985916E-07,-175.8650905
17169600.00000,0.000000000,174.4946102,0.000000000,-1.373480109,0.000000000,-0.1450212039E-07,-175.8680903
17344800.00000,0.000000000,174.4947588,0.000000000,-1.377023396,0.000000000,-0.1357548740E-07,-175.8717822
17520000.00000,0.000000000,174.4949786,0.000000000,-1.381150786,0.000000000,-0.1256989890E-07,-175.8761294
17695200.00000,0.000000000,174.4952657,0.000000000,-1.385752783,0.000000000,-0.1184037046E-07,-175.8810185
17870400.00000,0.000000000,174.4956157,0.000000000,-1.390781443,0.000000000,-0.1098268854E-07,-175.8863972
18045600.00000,0.000000000,174.4960245,0.000000000,-1.396296511,0.000000000,-0.1026307928E-07,-175.8923210
18220800.00000,0.000000000,174.4964846,0.000000000,-1.402251892,0.000000000,-0.1282646167E-07,-175.8987365
18396000.00000,0.000000000,174.4969831,0.000000000,-1.408550995,0.000000000,-0.1186040777E-07,-175.9055340
18571200.00000,0.000000000,174.4975328,0.000000000,-1.415044673,0.000000000,-0.9021050573E-08,-175.9125774
18746400.00000,0.000000000,174.4981260,0.000000000,-1.421625480,0.000000000,-0.8380197869E-08,-175.9197515
18921600.00000,0.000000000,174.4987505,0.000000000,-1.428196273,0.000000000,-0.5954944982E-08,-175.9269468
19096800.00000,0.000000000,174.4993979,0.000000000,-1.434704960,0.000000000,-0.5777565093E-08,-175.9341029
19272000.00000,0.000000000,174.5000614,0.000000000,-1.441072115,0.000000000,0.3707157248E-08,-175.9411335
19447200.00000,0.000000000,174.5007521,0.000000000,-1.447476283,0.000000000,-0.3105725455E-08,-175.9482283
19622400.00000,0.000000000,174.5014814,0.000000000,-1.454284174,0.000000000,-0.2435257329E-08,-175.9557656
19797600.00000,0.000000000,174.5023120,0.000000000,-1.461576973,0.000000000,-0.2908620900E-08,-175.9638890
19972800.00000,0.000000000,174.5033835,0.000000000,-1.533414333,0.000000000,-0.2317079861E-08,-176.0367978
20148000.00000,0.000000000,174.5047834,0.000000000,-1.596667584,0.000000000,-0.3687574690E-08,-176.1014510
20323200.00000,0.000000000,174.5065106,0.000000000,-1.651949770,0.000000000,-0.4032813194E-08,-176.1584603
20498400.00000,0.000000000,174.5085266,0.000000000,-1.700678275,0.000000000,-0.2790415010E-08,-176.2092048
20673600.00000,0.000000000,174.5107973,0.000000000,-1.747091422,0.000000000,-0.2317307235E-08,-176.2578888
20848800.00000,0.000000000,174.5132847,0.000000000,-1.784405967,0.000000000,-0.1824247420E-08,-176.2976906
21024000.00000,0.000000000,174.5159544,0.000000000,-1.817850670,0.000000000,-0.1982073172E-08,-176.3338050
21199200.00000,0.000000000,174.5187557,0.000000000,-1.849892183,0.000000000,-0.2751392003E-08,-176.3686479
21374400.00000,0.000000000,174.5216551,0.000000000,-1.880425332,0.000000000,-0.2495028184E-08,-176.4020804
21549600.00000,0.000000000,174.5246247,0.000000000,-1.905698518,0.000000000,-0.2327510629E-08,-176.4303232
21724800.00000,0.000000000,174.5276440,0.000000000,-1.925296386,0.000000000,-0.2801016308E-08,-176.4529404
21900000.00000,0.000000000,174.5307025,0.000000000,-1.944190048,0.000000000,-0.2820854661E-08,-176.4748926
22075200.00000,0.000000000,174.5337975,0.000000000,-1.962397026,0.000000000,-0.2515150754E-08,-176.4961946
22250400.00000,0.000000000,174.5369180,0.000000000,-1.979901879,0.000000000,-0.2416641109E-08,-176.5168199
22425600.00000,0.000000000,174.5400732,0.000000000,-1.996574485,0.000000000,-0.2909928298E-08,-176.5366476
22600800.00000,0.000000000,174.5432501,0.000000000,-2.012401960,0.000000000,-0.3442750085E-08,-176.5556520
22776000.00000,0.000000000,174.5464328,0.000000000,-2.023645398,0.000000000,-0.3137017757E-08,-176.5700782
22951200.00000,0.000000000,174.5496100,0.000000000,-2.031276802,0.000000000,-0.1903998736E-08,-176.5808868
23126400.00000,0.000000000,174.5529394,0.000000000,-2.038747510,0.000000000,-0.2091553597E-08,-176.5916869
23301600.00000,0.000000000,174.5565503,0.000000000,-2.046114939,0.000000000,-0.2792148734E-08,-176.6026652
23476800.00000,0.000000000,174.5603828,0.000000000,-2.053352391,0.000000000,-0.2269331389E-08,-176.6137351
23652000.00000,0.000000000,174.5643734,0.000000000,-2.060420853,0.000000000,-0.1805631200E-08,-176.6247942
23827200.00000,0.000000000,174.5684973,0.000000000,-2.067282868,0.000000000,-0.4331894843E-08,-176.6357802
24002400.00000,0.000000000,174.5727157,0.000000000,-2.073918095,0.000000000,-0.3572270657E-07,-176.6466338
24177600.00000,0.000000000,174.5770206,0.000000000,-2.080336827,0.000000000,-0.4627423777E-07,-176.6573574
24352800.00000,0.000000000,174.5813711,0.000000000,-2.086508761,0.000000000,-0.3499627610E-07,-176.6678798
24528000.00000,0.000000000,174.5857669,0.000000000,-2.092415685,0.000000000,-0.3027045636E-07,-176.6781825
24703200.00000,0.000000000,174.5902075,0.000000000,-2.098076041,0.000000000,-0.2197117510E-07,-176.6882835
24878400.00000,0.000000000,174.5946890,0.000000000,-2.100727278,0.000000000,-0.8097023851E-07,-176.6954162
25053600.00000,0.000000000,174.5992075,0.000000000,-2.100992185,0.000000000,-0.7852662520E-07,-176.7001996
25228800.00000,0.000000000,174.6037573,0.000000000,-2.101402530,0.000000000,-0.7890616871E-07,-176.7051598
25404000.00000,0.000000000,174.6083317,0.000000000,-2.101949928,0.000000000,-0.6978842748E-07,-176.7102816
25579200.00000,0.000000000,174.6129235,0.000000000,-2.102608612,0.000000000,-0.6683043807E-07,-176.7155321
25754400.00000,0.000000000,174.6175209,0.000000000,-2.103326110,0.000000000,-0.6000172448E-07,-176.7208470
25929600.00000,0.000000000,174.6221137,0.000000000,-2.104078942,0.000000000,-0.5403123282E-07,-176.7261926
26104800.00000,0.000000000,174.6266654,0.000000000,-2.104824877,0.000000000,-0.3198402965E-07,-176.7314902
26280000.00000,0.000000000,174.6311322,0.000000000,-2.105524931,0.000000000,-0.1763717705E-07,-176.7366571
26455200.00000,0.000000000,174.6354245,0.000000000,-2.106129615,0.000000000,-0.1053740561E-07,-176.7415541
26630400.00000,0.000000000,174.6395346,0.000000000,-2.106633960,0.000000000,-0.4069022452E-08,-176.7461686
26805600.00000,0.000000000,174.6434698,0.000000000,-2.107044658,0.000000000,-0.3684021976E-08,-176.7505145
26980800.00000,0.000000000,174.6472379,0.000000000,-2.107367280,0.000000000,0.3071761512E-08,-176.7546051
27156000.00000,0.000000000,174.6508461,0.000000000,-2.107607247,0.000000000,0.4978289780E-08,-176.7584533
27331200.00000,0.000000000,174.6543013,0.000000000,-2.107769513,0.000000000,0.5650235835E-08,-176.7620708
27506400.00000,0.000000000,174.6576096,0.000000000,-2.107857972,0.000000000,0.6509850436E-08,-176.7654675
27681600.00000,0.000000000,174.6607763,0.000000000,-2.107877046,0.000000000,0.7656069556E-08,-176.7686533
27856800.00000,0.000000000,174.6638069,0.000000000,-2.107829246,0.000000000,0.8476320090E-08,-176.7716361
28032000.00000,0.000000000,174.6667066,0.000000000,-2.107709146,0.000000000,0.9553502878E-08,-176.7744158
28207200.00000,0.000000000,174.6694804,0.000000000,-2.107491320,0.000000000,0.1074926104E-07,-176.7769717
28382400.00000,0.000000000,174.6721338,0.000000000,-2.107181608,0.000000000,0.1109538061E-07,-176.7793154
28557600.00000,0.000000000,174.6747870,0.000000000,-2.106802322,0.000000000,-0.3980849783E-07,-176.7815893
28732800.00000,0.000000000,174.6774549,0.000000000,-2.106363415,0.000000000,-0.4010618682E-07,-176.7838183
28908000.00000,0.000000000,174.6801068,0.000000000,-2.105867447,0.000000000,-0.2914930519E-07,-176.7859742
29083200.00000,0.000000000,174.6828049,0.000000000,-2.104206234,0.000000000,-0.2371550067E-07,-176.7870111
29258400.00000,0.000000000,174.6855313,0.000000000,-2.100614576,0.000000000,-0.1478306899E-07,-176.7861459
29433600.00000,0.000000000,174.6882561,0.000000000,-2.097212863,0.000000000,-0.8923535688E-08,-176.7854689
29608800.00000,0.000000000,174.6909634,0.000000000,-2.093990403,0.000000000,-0.4466841119E-08,-176.7849538
29784000.00000,0.000000000,174.6936329,0.000000000,-2.090934610,0.000000000,-0.3162483608E-09,-176.7845675
29959200.00000,0.000000000,174.6963173,0.000000000,-2.088042520,0.000000000,-0.2623963269E-07,-176.7843598
30134400.00000,0.000000000,174.6990335,0.000000000,-2.085299334,0.000000000,-0.3719122788E-07,-176.7843328
30309600.00000,0.000000000,174.7017830,0.000000000,-2.082685888,0.000000000,-0.3896170142E-07,-176.7844689
30484800.00000,0.000000000,174.7045565,0.000000000,-2.080182781,0.000000000,-0.3638325552E-07,-176.7847392
30660000.00000,0.000000000,174.7073447,0.000000000,-2.077776723,0.000000000,-0.3361691370E-07,-176.7851214
30835200.00000,0.000000000,174.7101399,0.000000000,-2.075458742,0.000000000,-0.3171024332E-07,-176.7855986
31010400.00000,0.000000000,174.7129344,0.000000000,-2.073219149,0.000000000,-0.2973433766E-07,-176.7861535
31185600.00000,0.000000000,174.7157216,0.000000000,-2.071050936,0.000000000,-0.1501200586E-06,-176.7867724
31360800.00000,0.000000000,174.7184953,0.000000000,-2.068946959,0.000000000,-0.1391321405E-06,-176.7874422
31536000.00000,0.000000000,174.7212682,0.000000000,-2.066913152,0.000000000,-0.1396410880E-06,-176.7881812
31711200.00000,0.000000000,174.7240412,0.000000000,-2.064951520,0.000000000,-0.1300855672E-06,-176.7889926
31886400.00000,0.000000000,174.7267925,0.000000000,-2.063051699,0.000000000,-0.2182011372E-07,-176.7898442
32061600.00000,0.000000000,174.7295143,0.000000000,-2.061212303,0.000000000,-0.1991261911E-07,-176.7907265
32236800.00000,0.000000000,174.7321973,0.000000000,-2.059431780,0.000000000,-0.9933873457E-07,-176.7916290
32412000.00000,0.000000000,174.7348349,0.000000000,-2.057707497,0.000000000,-0.8754591363E-07,-176.7925423
32587200.00000,0.000000000,174.7374234,0.000000000,-2.056039483,0.000000000,-0.8453289979E-07,-176.7934628
32762400.00000,0.000000000,174.7399604,0.000000000,-2.054427014,0.000000000,-0.7433075666E-07,-176.7943873
32937600.00000,0.000000000,174.7424401,0.000000000,-2.052868529,0.000000000,-0.6157657140E-07,-176.7953086
33112800.00000,0.000000000,174.7448569,0.000000000,-2.051361982,0.000000000,-0.4890077321E-07,-176.7962188
33288000.00000,0.000000000,174.7472076,0.000000000,-2.049905533,0.000000000,-0.4181160307E-07,-176.7971131
33463200.00000,0.000000000,174.7494916,0.000000000,-2.048495203,0.000000000,-0.3864809628E-07,-176.7979868
33638400.00000,0.000000000,174.7517100,0.000000000,-2.047128063,0.000000000,-0.3394166015E-07,-176.7988381
33813600.00000,0.000000000,174.7538648,0.000000000,-2.045802574,0.000000000,-0.2988767278E-07,-176.7996673
33988800.00000,0.000000000,174.7559577,0.000000000,-2.044517415,0.000000000,-0.2575427516E-07,-176.8004751
34164000.00000,0.000000000,174.7579934,0.000000000,-2.043273161,0.000000000,-0.1257077997E-07,-176.8012665
34339200.00000,0.000000000,174.7599947,0.000000000,-2.042065599,0.000000000,-0.1660654902E-07,-176.8020603
34514400.00000,0.000000000,174.7619543,0.000000000,-2.040879281,0.000000000,-0.1403537908E-07,-176.8028336
34689600.00000,0.000000000,174.7638654,0.000000000,-2.039712484,0.000000000,-0.1530176519E-07,-176.8035778
34864800.00000,0.000000000,174.7657285,0.000000000,-2.038565330,0.000000000,-0.5559002147E-08,-176.8042938
35040000.00000,0.000000000,174.7675455,0.000000000,-2.037438345,0.000000000,-0.1738959554E-07,-176.8049839
35215200.00000,0.000000000,174.7693179,0.000000000,-2.036331437,0.000000000,-0.1666788307E-07,-176.8056494
35390400.00000,0.000000000,174.7710427,0.000000000,-2.035243949,0.000000000,-0.1439300945E-07,-176.8062866
35565600.00000,0.000000000,174.7727100,0.000000000,-2.034173199,0.000000000,-0.1233570401E-07,-176.8068832
35740800.00000,0.000000000,174.7743137,0.000000000,-2.033116975,0.000000000,-0.7518394796E-09,-176.8074306
35916000.00000,0.000000000,174.7758553,0.000000000,-2.032075015,0.000000000,-0.5935589797E-09,-176.8079303
36091200.00000,0.000000000,174.7773354,0.000000000,-2.031046614,0.000000000,-0.1632315616E-08,-176.8083820
36266400.00000,0.000000000,174.7787550,0.000000000,-2.030031498,0.000000000,-0.4422190614E-08,-176.8087865
36441600.00000,0.000000000,174.7801190,0.000000000,-2.029030526,0.000000000,-0.4145249477E-08,-176.8091496
36616800.00000,0.000000000,174.7814320,0.000000000,-2.028044839,0.000000000,-0.4263995379E-08,-176.8094769
36792000.00000,0.000000000,174.7826985,0.000000000,-2.027075618,0.000000000,-0.1414804274E-08,-176.8097741
36967200.00000,0.000000000,174.7839260,0.000000000,-2.026124684,0.000000000,-0.1538467131E-07,-176.8100507
37142400.00000,0.000000000,174.7851197,0.000000000,-2.025192707,0.000000000,-0.1465267019E-07,-176.8103124
37317600.00000,0.000000000,174.7862802,0.000000000,-2.024280257,0.000000000,-0.1500899316E-07,-176.8105605
37492800.00000,0.000000000,174.7874106,0.000000000,-2.023388065,0.000000000,-0.1573155828E-07,-176.8107987
37668000.00000,0.000000000,174.7885141,0.000000000,-2.022516927,0.000000000,-0.1645409498E-07,-176.8110311
37843200.00000,0.000000000,174.7895935,0.000000000,-2.021667492,0.000000000,-0.1708747277E-07,-176.8112609
38018400.00000,0.000000000,174.7906511,0.000000000,-2.020840316,0.000000000,-0.1797815230E-07,-176.8114914
38193600.00000,0.000000000,174.7916893,0.000000000,-2.020023623,0.000000000,-0.1866118282E-07,-176.8117129
38368800.00000,0.000000000,174.7927102,0.000000000,-2.019217137,0.000000000,-0.1948262707E-07,-176.8119273
38544000.00000,0.000000000,174.7937157,0.000000000,-2.018423090,0.000000000,-0.1322942467E-07,-176.8121388
38719200.00000,0.000000000,174.7947072,0.000000000,-2.017643682,0.000000000,-0.1238851155E-07,-176.8123509
38894400.00000,0.000000000,174.7956861,0.000000000,-2.016880160,0.000000000,-0.1314066367E-07,-176.8125662
39069600.00000,0.000000000,174.7966534,0.000000000,-2.016133481,0.000000000,-0.1340791300E-07,-176.8127869
39244800.00000,0.000000000,174.7976095,0.000000000,-2.015402839,0.000000000,-0.1368519520E-07,-176.8130123
39420000.00000,0.000000000,174.7985536,0.000000000,-2.014685355,0.000000000,-0.1296302798E-07,-176.8132390
39595200.00000,0.000000000,174.7994826,0.000000000,-2.013977239,0.000000000,-0.1068715960E-07,-176.8134599
39770400.00000,0.000000000,174.8003941,0.000000000,-2.013281313,0.000000000,-0.9836242043E-08,-176.8136754
39945600.00000,0.000000000,174.8012861,0.000000000,-2.012598625,0.000000000,-0.9084232033E-08,-176.8138847
40120800.00000,0.000000000,174.8021565,0.000000000,-2.011924099,0.000000000,-0.7095337651E-08,-176.8140806
40296000.00000,0.000000000,174.8030030,0.000000000,-2.011253848,0.000000000,-0.3641758894E-08,-176.8142569
40471200.00000,0.000000000,174.8038230,0.000000000,-2.010585197,0.000000000,0.3364561962E-09,-176.8144082
40646400.00000,0.000000000,174.8046141,0.000000000,-2.009915208,0.000000000,0.4235545248E-08,-176.8145294
40821600.00000,0.000000000,174.8053756,0.000000000,-2.009242149,0.000000000,0.7738861996E-08,-176.8146178
40996800.00000,0.000000000,174.8061058,0.000000000,-2.008564968,0.000000000,0.1353816970E-07,-176.8146708
41172000.00000,0.000000000,174.8068252,0.000000000,-2.007935912,0.000000000,-0.9540116253E-08,-176.8147611
41347200.00000,0.000000000,174.8075381,0.000000000,-2.007362734,0.000000000,-0.9154263125E-08,-176.8149008
41522400.00000,0.000000000,174.8082521,0.000000000,-2.006472441,0.000000000,-0.1467662969E-07,-176.8147245
41697600.00000,0.000000000,174.8089709,0.000000000,-2.005316649,0.000000000,-0.1380578851E-07,-176.8142875
41872800.00000,0.000000000,174.8096928,0.000000000,-2.004457009,0.000000000,-0.1165844310E-07,-176.8141498
42048000.00000,0.000000000,174.8104156,0.000000000,-2.003870286,0.000000000,-0.2294083856E-07,-176.8142858
42223200.00000,0.000000000,174.8111373,0.000000000,-2.003528613,0.000000000,-0.1444948339E-07,-176.8146659
42398400.00000,0.000000000,174.8118568,0.000000000,-2.003408175,0.000000000,-0.1258899829E-07,-176.8152650
42573600.00000,0.000000000,174.8125718,0.000000000,-2.003436157,0.000000000,-0.1589467047E-07,-176.8160079
42748800.00000,0.000000000,174.8132823,0.000000000,-2.003727763,0.000000000,-0.1552859885E-07,-176.8170101
42924000.00000,0.000000000,174.8139907,0.000000000,-2.004332046,0.000000000,-0.1502411351E-07,-176.8183227
43099200.00000,0.000000000,174.8146973,0.000000000,-2.005217296,0.000000000,-0.1403446959E-07,-176.8199146
43274400.00000,0.000000000,174.8154029,0.000000000,-2.006353148,0.000000000,-0.1266872118E-07,-176.8217561
43449600.00000,0.000000000,174.8161044,0.000000000,-2.007652399,0.000000000,-0.1553920015E-07,-176.8237567
43624800.00000,0.000000000,174.8168018,0.000000000,-2.009096230,0.000000000,-0.1439110520E-07,-176.8258981
43800000.00000,0.000000000,174.8174948,0.000000000,-2.010630575,0.000000000,-0.6720568990E-08,-176.8281254
43975200.00000,0.000000000,174.8181846,0.000000000,-2.022495125,0.000000000,-0.6888882353E-08,-176.8406798
44150400.00000,0.000000000,174.8188733,0.000000000,-2.039275572,0.000000000,-0.6720711099E-08,-176.8581489
44325600.00000,0.000000000,174.8195622,0.000000000,-2.054486490,0.000000000,-0.6314849088E-08,-176.8740487
44500800.00000,0.000000000,174.8202521,0.000000000,-2.068760555,0.000000000,-0.5918991519E-08,-176.8890127
44676000.00000,0.000000000,174.8209438,0.000000000,-2.082156276,0.000000000,-0.5612264431E-08,-176.9031001
44851200.00000,0.000000000,174.8216657,0.000000000,-2.094823405,0.000000000,-0.1121466653E-07,-176.9164891
45026400.00000,0.000000000,174.8224708,0.000000000,-2.107017528,0.000000000,-0.8185935485E-08,-176.9294883
45201600.00000,0.000000000,174.8233840,0.000000000,-2.118826986,0.000000000,-0.1133372507E-07,-176.9422110
45376800.00000,0.000000000,174.8244109,0.000000000,-2.130487765,0.000000000,-0.1721346621E-07,-176.9548987
45552000.00000,0.000000000,174.8255447,0.000000000,-2.142023428,0.000000000,-0.1736222544E-07,-176.9675681
45727200.00000,0.000000000,174.8267781,0.000000000,-2.150130677,0.000000000,-0.1672898975E-07,-176.9769087
45902400.00000,0.000000000,174.8281088,0.000000000,-2.157278413,0.000000000,-0.1393772209E-07,-176.9853872
46077600.00000,0.000000000,174.8295368,0.000000000,-2.164695594,0.000000000,-0.1948143336E-07,-176.9942324
46252800.00000,0.000000000,174.8310634,0.000000000,-2.172608257,0.000000000,-0.1144366024E-07,-177.0036716
46428000.00000,0.000000000,174.8326847,0.000000000,-2.180968067,0.000000000,-0.2092755835E-07,-177.0136528
46603200.00000,0.000000000,174.8343982,0.000000000,-2.189729176,0.000000000,-0.1971028496E-07,-177.0241274
46778400.00000,0.000000000,174.8362022,0.000000000,-2.201100829,0.000000000,-0.1962169449E-07,-177.0373030
46953600.00000,0.000000000,174.8532710,0.000000000,-2.227454467,0.000000000,-0.1875091016E-07,-177.0807254
47128800.00000,0.000000000,174.8859877,0.000000000,-2.253016057,0.000000000,-0.1783064363E-07,-177.1390038
47304000.00000,0.000000000,174.9171366,0.000000000,-2.284624583,0.000000000,-0.1722710863E-07,-177.2017611
47479200.00000,0.000000000,174.9472985,0.000000000,-2.317572832,0.000000000,-0.1056429255E-07,-177.2648713
47654400.00000,0.000000000,174.9768325,0.000000000,-2.349667982,0.000000000,-0.1185173915E-07,-177.3265004
47829600.00000,0.000000000,175.0058028,0.000000000,-2.381165123,0.000000000,-0.1236688263E-07,-177.3869679
48004800.00000,0.000000000,175.0342920,0.000000000,-2.412134723,0.000000000,-0.1172358566E-07,-177.4464267
48180000.00000,0.000000000,175.0892002,0.000000000,-2.443149890,0.000000000,-0.1868511390E-07,-177.5323500
48355200.00000,0.000000000,175.1448317,0.000000000,-2.474477112,0.000000000,-0.1759650559E-07,-177.6193088
48530400.00000,0.000000000,175.1980471,0.000000000,-2.524699466,0.000000000,-0.1692376372E-07,-177.7227466
48705600.00000,0.000000000,175.2492347,0.000000000,-2.586084709,0.000000000,-0.1625102186E-07,-177.8353194
48880800.00000,0.000000000,175.2985481,0.000000000,-2.645124907,0.000000000,-0.1780648518E-07,-177.9436730
49056000.00000,0.000000000,175.3461596,0.000000000,-2.701964913,0.000000000,-0.1209269840E-07,-178.0481245
49231200.00000,0.000000000,175.3922096,0.000000000,-2.756722587,0.000000000,-0.1117214765E-07,-178.1489322
49406400.00000,0.000000000,175.4369728,0.000000000,-2.809858546,0.000000000,-0.8013017805E-08,-178.2468313
49581600.00000,0.000000000,175.4805739,0.000000000,-2.861533344,0.000000000,-0.6705960232E-08,-178.3421073
49756800.00000,0.000000000,175.5230892,0.000000000,-2.911602095,0.000000000,-0.5438465678E-08,-178.4346913
49932000.00000,0.000000000,175.5639056,0.000000000,-2.960025123,0.000000000,-0.4834447509E-08,-178.5239308
50107200.00000,0.000000000,175.5973401,0.000000000,-3.006633864,0.000000000,-0.4329478998E-08,-178.6039739
50282400.00000,0.000000000,175.6249439,0.000000000,-3.049216892,0.000000000,-0.4131635478E-08,-178.6741608
50457600.00000,0.000000000,175.6461849,0.000000000,-3.083687040,0.000000000,-0.1694445473E-08,-178.7298719
50632800.00000,0.000000000,175.6667070,0.000000000,-3.112580533,0.000000000,-0.2041389280E-08,-178.7792875
50808000.00000,0.000000000,175.6827425,0.000000000,-3.133408960,0.000000000,-0.2547068334E-08,-178.8161515
50983200.00000,0.000000000,175.6975018,0.000000000,-3.153013295,0.000000000,-0.1744410838E-08,-178.8505151
51158400.00000,0.000000000,175.7135098,0.000000000,-3.167739668,0.000000000,-0.8128324680E-09,-178.8812495
51333600.00000,0.000000000,175.7274857,0.000000000,-3.178680665,0.000000000,-0.1606025535E-08,-178.9061664
51508800.00000,0.000000000,175.7378129,0.000000000,-3.189617030,0.000000000,-0.2230876817E-08,-178.9274300
51684000.00000,0.000000000,175.7494283,0.000000000,-3.200482477,0.000000000,-0.1626290214E-08,-178.9499107
51859200.00000,0.000000000,175.7621105,0.000000000,-3.203615007,0.000000000,-0.1973688768E-08,-178.9657255
52034400.00000,0.000000000,175.7757661,0.000000000,-3.206993620,0.000000000,-0.2489656481E-08,-178.9827597
52209600.00000,0.000000000,175.7888365,0.000000000,-3.210735451,0.000000000,-0.1547590500E-08,-178.9995719
52384800.00000,0.000000000,175.7976280,0.000000000,-3.214870813,0.000000000,-0.4821970379E-08,-179.0124988
52560000.00000,0.000000000,175.8078744,0.000000000,-3.219226842,0.000000000,-0.3889851996E-08,-179.0271012
52735200.00000,0.000000000,175.8193355,0.000000000,-3.221816987,0.000000000,-0.3284981176E-08,-179.0411525
52910400.00000,0.000000000,175.8317488,0.000000000,-3.219730621,0.000000000,-0.4862954484E-09,-179.0514795
53085600.00000,0.000000000,175.8452330,0.000000000,-3.218180532,0.000000000,-0.1260815452E-08,-179.0634135
53260800.00000,0.000000000,175.8596485,0.000000000,-3.217081043,0.000000000,-0.1181604148E-08,-179.0767296
53436000.00000,0.000000000,175.8748010,0.000000000,-3.216325919,0.000000000,-0.2472802407E-08,-179.0911269
53611200.00000,0.000000000,175.8905556,0.000000000,-3.215884445,0.000000000,-0.2224908258E-08,-179.1064401
53786400.00000,0.000000000,175.9035813,0.000000000,-3.215702760,0.000000000,-0.1569645747E-08,-179.1192841
53961600.00000,0.000000000,175.9150493,0.000000000,-3.215719806,0.000000000,-0.1728835741E-08,-179.1307691
54136800.00000,0.000000000,175.9271205,0.000000000,-3.215914206,0.000000000,-0.1421113893E-08,-179.1430347
54312000.00000,0.000000000,175.9396819,0.000000000,-3.216275331,0.000000000,-0.3697351758E-08,-179.1559572
54487200.00000,0.000000000,175.9525947,0.000000000,-3.213698121,0.000000000,-0.3011990657E-08,-179.1662928
54662400.00000,0.000000000,175.9656869,0.000000000,-3.209272641,0.000000000,-0.2545135658E-08,-179.1749595
54837600.00000,0.000000000,175.9789984,0.000000000,-3.205219532,0.000000000,-0.2446114422E-08,-179.1842179
55012800.00000,0.000000000,175.9925527,0.000000000,-3.201508480,0.000000000,-0.6832323152E-08,-179.1940612
55188000.00000,0.000000000,176.0061790,0.000000000,-3.198109058,0.000000000,-0.5908333378E-08,-179.2042880
55363200.00000,0.000000000,176.0197710,0.000000000,-3.194996026,0.000000000,-0.3123659553E-08,-179.2147670
55538400.00000,0.000000000,176.0332707,0.000000000,-3.192136332,0.000000000,-0.2755996320E-08,-179.2254070
55713600.00000,0.000000000,176.0466410,0.000000000,-3.189477475,0.000000000,-0.1661760507E-08,-179.2361185
55888800.00000,0.000000000,176.0598170,0.000000000,-3.187010111,0.000000000,-0.2961678547E-07,-179.2468271
56064000.00000,0.000000000,176.0727900,0.000000000,-3.184733779,0.000000000,-0.2762971008E-07,-179.2575237
56239200.00000,0.000000000,176.0856292,0.000000000,-3.182668632,0.000000000,-0.2552258138E-07,-179.2682978
56414400.00000,0.000000000,176.0981713,0.000000000,-3.180798942,0.000000000,-0.2521684905E-07,-179.2789702
56589600.00000,0.000000000,176.1068614,0.000000000,-3.179073765,0.000000000,-0.2444289748E-07,-179.2859351
56764800.00000,0.000000000,176.1156016,0.000000000,-3.177459619,0.000000000,-0.2040283675E-07,-179.2930612
56940000.00000,0.000000000,176.1242458,0.000000000,-3.175890572,0.000000000,-0.1129291149E-07,-179.3001363
57115200.00000,0.000000000,176.1327100,0.000000000,-3.174330044,0.000000000,-0.2759745144E-07,-179.3070400
57290400.00000,0.000000000,176.1410811,0.000000000,-3.172775545,0.000000000,-0.2903425411E-07,-179.3138566
57465600.00000,0.000000000,176.1494007,0.000000000,-3.171235753,0.000000000,-0.2644677011E-07,-179.3206364
57640800.00000,0.000000000,176.1576620,0.000000000,-3.169722761,0.000000000,-0.2932799248E-07,-179.3273847
57816000.00000,0.000000000,176.1658245,0.000000000,-3.164835682,0.000000000,-0.2513593245E-07,-179.3306601
57991200.00000,0.000000000,176.1738830,0.000000000,-3.160177570,0.000000000,-0.2204910743E-07,-179.3340605
58166400.00000,0.000000000,176.1818337,0.000000000,-3.155772660,0.000000000,-0.2039664082E-07,-179.3376063
58341600.00000,0.000000000,176.1937179,0.000000000,-3.151602988,0.000000000,-0.1950115802E-07,-179.3453209
58516800.00000,0.000000000,176.2295061,0.000000000,-3.147621357,0.000000000,-0.1587497422E-07,-179.3771275
58692000.00000,0.000000000,176.2600751,0.000000000,-3.143870213,0.000000000,-0.5817193482E-07,-179.4039452
58867200.00000,0.000000000,176.2891505,0.000000000,-3.140332620,0.000000000,-0.2533522547E-07,-179.4294831
59042400.00000,0.000000000,176.3168503,0.000000000,-3.136998000,0.000000000,-0.2431011126E-07,-179.4538483
59217600.00000,0.000000000,176.3432216,0.000000000,-3.133854860,0.000000000,-0.6127186225E-07,-179.4770764
59392800.00000,0.000000000,176.3683153,0.000000000,-3.130891954,0.000000000,-0.5588222507E-07,-179.4992072
59568000.00000,0.000000000,176.3921945,0.000000000,-3.128099509,0.000000000,-0.5108003620E-07,-179.5202940
59743200.00000,0.000000000,176.4148932,0.000000000,-3.125465703,0.000000000,-0.5551885351E-07,-179.5403588
59918400.00000,0.000000000,176.4364114,0.000000000,-3.122974063,0.000000000,-0.2305995395E-07,-179.5593855
60093600.00000,0.000000000,176.4567702,0.000000000,-3.120610197,0.000000000,-0.5295137839E-07,-179.5773803
60268800.00000,0.000000000,176.4760396,0.000000000,-3.118365443,0.000000000,-0.5586488783E-07,-179.5944050
60444000.00000,0.000000000,176.4942888,0.000000000,-3.116233588,0.000000000,-0.5539834547E-07,-179.6105223
60619200.00000,0.000000000,176.5115624,0.000000000,-3.114208897,0.000000000,-0.3281533623E-07,-179.6257713
60794400.00000,0.000000000,176.5278999,0.000000000,-3.112277753,0.000000000,-0.3216840128E-07,-179.6401776
60969600.00000,0.000000000,176.5433472,0.000000000,-3.110515438,0.000000000,-0.3140152671E-07,-179.6538626
61144800.00000,0.000000000,176.5570335,0.000000000,-3.108900382,0.000000000,-0.3533159543E-07,-179.6659339
61320000.00000,0.000000000,176.5683697,0.000000000,-3.107409835,0.000000000,-0.2679612976E-07,-179.6757795
61495200.00000,0.000000000,176.5790855,0.000000000,-3.106017509,0.000000000,-0.3941241289E-07,-179.6851030
61670400.00000,0.000000000,176.5892074,0.000000000,-3.104706586,0.000000000,-0.3490563927E-07,-179.6939139
61845600.00000,0.000000000,176.5987662,0.000000000,-3.103465900,0.000000000,-0.3362978873E-07,-179.7022320
62020800.00000,0.000000000,176.6077955,0.000000000,-3.102287304,0.000000000,-0.3246373126E-07,-179.7100828
62196000.00000,0.000000000,176.6163423,0.000000000,-3.101168041,0.000000000,-0.4306650681E-07,-179.7175103
62371200.00000,0.000000000,176.6244384,0.000000000,-3.100104788,0.000000000,-0.3969617524E-07,-179.7245431
62546400.00000,0.000000000,176.6310451,0.000000000,-3.099078440,0.000000000,-0.3180741714E-07,-179.7301235
62721600.00000,0.000000000,176.6363677,0.000000000,-3.098074147,0.000000000,-0.2743928462E-07,-179.7344418
62896800.00000,0.000000000,176.6413974,0.000000000,-3.097087751,0.000000000,-0.2521542797E-07,-179.7384851
63072000.00000,0.000000000,176.6461295,0.000000000,-3.096116695,0.000000000,-0.2352015827E-07,-179.7422462
